,rt,corr_resp,disappear_time,run_num,appear_time_error,appear_time_time,eeg_pulse_time,press_time_error,press_time_time,stim,pressed,loc_x,loc_y,log_time,correct,condition,fmri_tr_time,log_num,fmri_tr_time_error,fmri_tr_time_time,press_time
0,0.586713278575985,4,,0.0,0.0,558.0573489393463,,0.0005397051791078411,558.6440622179223,"__<__
_<><_
<>>><
_<><_
__<__
",4,0.7071067811865474,-0.7071067811865477,558.6440622179223,True,=,,0.0,,,
1,0.5574240215349846,1,,0.0,0.0,559.5325357997971,,0.00047238055975640236,560.0899598213321,"__<__
_<<<_
<<<<<
_<<<_
__<__
",1,0.7071067811865476,0.7071067811865475,560.0899598213321,True,+,,0.0,,,
2,0.5204586496620323,1,,0.0,0.0,561.016163726825,,0.00047930696092635117,561.536622376487,"__<__
_<<<_
<<<<<
_<<<_
__<__
",1,1.0,0.0,561.536622376487,True,+,,0.0,,,
3,0.47301751160455296,1,,0.0,0.0,562.5248607931893,,0.001948812233024455,562.9978783047939,"__<__
_<<<_
<<<<<
_<<<_
__<__
",1,-1.8369701987210297e-16,-1.0,562.9978783047939,True,+,,0.0,,,
4,0.48287724366912244,1,,0.0,0.0,564.0000878267668,,0.0005417830994929318,564.482965070436,"__<__
_<<<_
<<<<<
_<<<_
__<__
",1,-0.7071067811865475,0.7071067811865476,564.482965070436,True,+,,0.0,,,
5,0.507432028454673,4,,0.0,0.0,565.3753181296057,,0.0005277917691159928,565.8827501580604,"__>__
_><>_
><><>
_><>_
__>__
",4,1.0,0.0,565.8827501580604,True,~,,0.0,,,
6,0.5506281137636506,4,,0.0,0.0,566.8589970349462,,0.0005211424240201268,567.4096251487099,"__>__
_>>>_
>>>>>
_>>>_
__>__
",4,6.123233995736766e-17,1.0,567.4096251487099,True,+,,0.0,,,
7,0.4746895448467967,1,,0.0,0.0,568.2925944581033,,0.0005119995744280459,568.7672840029501,"__<__
_<<<_
<<<<<
_<<<_
__<__
",1,-1.0,1.2246467991473532e-16,568.7672840029501,True,+,,0.0,,,
8,0.4607890888679549,4,,0.0,0.0,569.6511759089793,,0.0004975926600536695,570.1119649978473,"__>__
_>>>_
>>>>>
_>>>_
__>__
",4,-1.0,1.2246467991473532e-16,570.1119649978473,True,+,,0.0,,,
9,0.5538688383428507,1,,0.0,0.0,571.0431681026481,,0.0005239129844767376,571.597036940991,"__>__
_><>_
><<<>
_><>_
__>__
",1,-1.0,1.2246467991473532e-16,571.597036940991,True,=,,0.0,,,
10,0.6030324338431683,4,,0.0,0.0,572.5602053871886,,0.000506735509588907,573.1632378210318,"__<__
_<><_
<>>><
_<><_
__<__
",4,-0.7071067811865477,-0.7071067811865475,573.1632378210318,True,=,,0.0,,,
11,0.49710878162386507,1,,0.0,0.0,574.0270985748791,,0.0009975402964528257,574.524207356503,"__<__
_<<<_
<<<<<
_<<<_
__<__
",1,0.7071067811865474,-0.7071067811865477,574.524207356503,True,+,,0.0,,,
12,0.49202563433357227,4,,0.0,0.0,575.4857327218152,,0.0005190645036350361,575.9777583561488,"__<__
_<><_
<>>><
_<><_
__<__
",4,-0.7071067811865475,0.7071067811865476,575.9777583561488,True,=,,0.0,,,
13,0.5803994483261476,4,,0.0,0.0,576.7693137155487,,0.0004665623827690979,577.3497131638749,"__<__
_<><_
<>>><
_<><_
__<__
",4,6.123233995736766e-17,1.0,577.3497131638749,True,=,,0.0,,,
14,0.5342448200216268,4,,0.0,0.0,578.2029100304817,,0.000510198710117038,578.7371548505033,"__>__
_><>_
><><>
_><>_
__>__
",4,-0.7071067811865475,0.7071067811865476,578.7371548505033,True,~,,0.0,,,
15,0.4627104725523168,4,,0.0,0.0,579.6198865843367,,0.0005410904593077248,580.082597056889,"__>__
_>>>_
>>>>>
_>>>_
__>__
",4,-0.7071067811865475,0.7071067811865476,580.082597056889,True,+,,0.0,,,
16,0.49272783288427036,4,,0.0,0.0,581.0618186845489,,0.0004978697160140655,581.5545465174332,"__>__
_>>>_
>>>>>
_>>>_
__>__
",4,0.7071067811865474,-0.7071067811865477,581.5545465174332,True,+,,0.0,,,
17,0.6663409872835473,4,,0.0,0.0,582.5621156886311,,0.0004982853001251897,583.2284566759147,"__>__
_><>_
><><>
_><>_
__>__
",1,0.7071067811865474,-0.7071067811865477,583.2284566759147,False,~,,0.0,,,
18,1.052303333150462,1,,0.0,0.0,584.1790992797097,,0.0005043805331297335,585.2314026128602,"__<__
_<><_
<><><
_<><_
__<__
",1,-1.0,1.2246467991473532e-16,585.2314026128602,True,~,,0.0,,,
19,0.5967891143571933,4,,0.0,0.0,586.0211313417436,,0.0004855407219679364,586.6179204561008,"__>__
_><>_
><><>
_><>_
__>__
",4,-1.0,1.2246467991473532e-16,586.6179204561008,True,~,,0.0,,,
20,0.6629131113450057,1,,0.0,0.0,587.5964831059534,,0.0005413675153818076,588.2593962172984,"__>__
_><>_
><<<>
_><>_
__>__
",1,-0.7071067811865477,-0.7071067811865475,588.2593962172984,True,=,,0.0,,,
21,0.5722056542706468,1,,0.0,0.0,589.171780290122,,0.0004664238547320565,589.7439859443926,"__<__
_<><_
<><><
_<><_
__<__
",1,0.7071067811865474,-0.7071067811865477,589.7439859443926,True,~,,0.0,,,
22,0.6442075338188715,4,,0.0,0.0,590.5553895989835,,0.000503549365021172,591.1995971328024,"__<__
_<><_
<>>><
_<><_
__<__
",4,0.7071067811865476,0.7071067811865475,591.1995971328024,True,=,,0.0,,,
23,0.6145418961384621,4,,0.0,0.0,592.1557284939399,,0.0005150471909587395,592.7702703900784,"__>__
_><>_
><><>
_><>_
__>__
",4,-1.8369701987210297e-16,-1.0,592.7702703900784,True,~,,0.0,,,
24,0.6077168974820779,1,,0.0,0.0,593.6560230045177,,0.00048346280163968913,594.2637399019998,"__<__
_<><_
<><><
_<><_
__<__
",1,0.7071067811865476,0.7071067811865475,594.2637399019998,True,~,,0.0,,,
25,0.8536099571726936,4,,0.0,0.0,595.1396212865485,,0.0004626835981298427,595.9932312437212,"__>__
_><>_
><><>
_><>_
__>__
",4,0.7071067811865476,0.7071067811865475,595.9932312437212,True,~,,0.0,,,
26,0.7299005535026026,1,,0.0,0.0,596.998347914793,,0.0005444151319125012,597.7282484682956,"__>__
_><>_
><<<>
_><>_
__>__
",1,1.0,0.0,597.7282484682956,True,=,,0.0,,,
27,0.5777190696014713,1,,0.0,0.0,598.5319863976563,,0.00047639787243269893,599.1097054672578,"__>__
_><>_
><<<>
_><>_
__>__
",1,-1.8369701987210297e-16,-1.0,599.1097054672578,True,=,,0.0,,,
28,0.5163069648010605,1,,0.0,0.0,599.9822808805285,,0.00048817275444434927,600.4985878453296,"__<__
_<><_
<><><
_<><_
__<__
",1,1.0,0.0,600.4985878453296,True,~,,0.0,,,
29,0.6274169676879637,1,,0.0,0.0,601.340859560844,,0.0005011943886188419,601.968276528532,"__>__
_><>_
><<<>
_><>_
__>__
",1,6.123233995736766e-17,1.0,601.968276528532,True,=,,0.0,,,
30,0.5816139235071205,4,,0.0,0.0,602.9411923605674,,0.00048443249778529207,603.5228062840745,"__>__
_>>>_
>>>>>
_>>>_
__>__
",4,1.0,0.0,603.5228062840745,True,+,,0.0,,,
31,0.8647707444329171,1,,0.0,0.0,604.3498242633495,,0.0005182333355264745,605.2145950077825,"__<__
_<><_
<><><
_<><_
__<__
",1,-1.8369701987210297e-16,-1.0,605.2145950077825,True,~,,0.0,,,
32,0.5353486113119743,4,,0.0,0.0,606.0834836362387,,0.0005099216540997986,606.6188322475507,"__>__
_>>>_
>>>>>
_>>>_
__>__
",4,-1.8369701987210297e-16,-1.0,606.6188322475507,True,+,,0.0,,,
33,0.6250926059836956,1,,0.0,0.0,607.4337611632808,,0.0004176619905251755,608.0588537692645,"__>__
_><>_
><<<>
_><>_
__>__
",1,0.7071067811865476,0.7071067811865475,608.0588537692645,True,=,,0.0,,,
34,0.5334413574859127,4,,0.0,0.0,608.9674666937074,,0.0004908047868639187,609.5009080511933,"__>__
_><>_
><><>
_><>_
__>__
",4,6.123233995736766e-17,1.0,609.5009080511933,True,~,,0.0,,,
35,0.5804965564703934,4,,0.0,0.0,610.3260126814093,,0.0005221121201657297,610.9065092378797,"__<__
_<><_
<>>><
_<><_
__<__
",4,-1.0,1.2246467991473532e-16,610.9065092378797,True,=,,0.0,,,
36,0.6749311100140858,1,,0.0,0.0,611.6845824959314,,0.000511029878282443,612.3595136059455,"__<__
_<<<_
<<<<<
_<<<_
__<__
",1,-0.7071067811865477,-0.7071067811865475,612.3595136059455,True,+,,0.0,,,
37,0.7639000403947875,1,,0.0,0.0,613.343270779619,,0.0005197571437633997,614.1071708200138,"__<__
_<><_
<><><
_<><_
__<__
",1,-0.7071067811865475,0.7071067811865476,614.1071708200138,True,~,,0.0,,,
38,0.5122377041141135,1,,0.0,0.0,615.0602801923212,,0.0004921900671206458,615.5725178964353,"__<__
_<><_
<><><
_<><_
__<__
",1,-0.7071067811865477,-0.7071067811865475,615.5725178964353,True,~,,0.0,,,
39,0.5657398587790112,1,,0.0,0.0,616.4939000570181,,0.0004859563060790606,617.0596399157971,"__>__
_><>_
><<<>
_><>_
__>__
",1,-0.7071067811865475,0.7071067811865476,617.0596399157971,True,=,,0.0,,,
40,0.49524696498951926,1,,0.0,0.0,617.8358127078959,,0.0004802766570719541,618.3310596728854,"__<__
_<><_
<><><
_<><_
__<__
",1,6.123233995736766e-17,1.0,618.3310596728854,True,~,,0.0,,,
41,0.41765160091290454,1,,0.0,0.0,619.3197093792892,,0.0004625450700928013,619.7373609802021,"__<__
_<<<_
<<<<<
_<<<_
__<__
",1,6.123233995736766e-17,1.0,619.7373609802021,True,+,,0.0,,,
42,0.8411248420087531,4,,0.0,0.0,620.6863564857989,,0.00048443249778529207,621.5274813278077,"__<__
_<><_
<>>><
_<><_
__<__
",4,1.0,0.0,621.5274813278077,True,=,,0.0,,,
43,0.5642354444449893,4,,0.0,0.0,622.3033891157978,,0.0008574884647600811,622.8676245602428,"__>__
_>>>_
>>>>>
_>>>_
__>__
",4,0.7071067811865476,0.7071067811865475,622.8676245602428,True,+,,0.0,,,
44,0.6049297136514724,1,,0.0,0.0,623.6953400281157,,0.0004804151851089955,624.3002697417671,"__>__
_><>_
><<<>
_><>_
__>__
",1,0.7071067811865474,-0.7071067811865477,624.3002697417671,True,=,,0.0,,,
45,0.8816834922804446,4,,0.0,0.0,625.0706878027183,,0.0004493849078812673,625.9523712949988,"__<__
_<><_
<>>><
_<><_
__<__
",4,-1.8369701987210297e-16,-1.0,625.9523712949988,True,=,,0.0,,,
46,0.5605334215479161,4,,0.0,0.0,626.7125867670275,,0.0004632377102211649,627.2731201885754,"__>__
_><>_
><><>
_><>_
__>__
",4,-0.7071067811865477,-0.7071067811865475,627.2731201885754,True,~,,0.0,,,
47,0.5329844920648839,4,,0.0,0.0,628.2129275459649,,0.0006409691642375037,628.7459120380298,"__>__
_>>>_
>>>>>
_>>>_
__>__
",4,-0.7071067811865477,-0.7071067811865475,628.7459120380298,True,+,,0.0,,,
48,0.7243897702039703,1,,1.0,0.0,1407.9684327881425,,0.00047778315263258264,1408.6928225583465,"__<__
_<><_
<><><
_<><_
__<__
",4,-0.7071067811865475,0.7071067811865476,1408.6928225583465,False,~,,0.0,,,
49,0.6642162444607038,1,,1.0,0.0,1409.627143236314,,0.0005996878131782069,1410.2913594807746,"__>__
_><>_
><<<>
_><>_
__>__
",1,-0.7071067811865475,0.7071067811865476,1410.2913594807746,True,=,,0.0,,,
50,0.5630917570838392,4,,1.0,0.0,1411.3024587615928,,0.0004937138753575709,1411.8655505186766,"__>__
_><>_
><><>
_><>_
__>__
",4,6.123233995736766e-17,1.0,1411.8655505186766,True,~,,0.0,,,
51,0.7606555755589852,1,,1.0,0.0,1412.8444108652516,,0.0004971770758857019,1413.6050664408106,"__<__
_<><_
<><><
_<><_
__<__
",4,0.7071067811865476,0.7071067811865475,1413.6050664408106,False,~,,0.0,,,
52,0.6693924825829072,4,,1.0,0.0,1414.394711775824,,0.0004963459077771404,1415.0641042584068,"__>__
_>>>_
>>>>>
_>>>_
__>__
",4,0.7071067811865476,0.7071067811865475,1415.0641042584068,True,+,,0.0,,,
53,0.5777466366780573,4,,1.0,0.0,1415.9116831210254,,0.0005097831260627572,1416.4894297577034,"__>__
_>>>_
>>>>>
_>>>_
__>__
",4,0.7071067811865474,-0.7071067811865477,1416.4894297577034,True,+,,0.0,,,
54,0.6722760819177438,4,,1.0,0.0,1417.403685344123,,0.0004899736186416703,1418.0759614260407,"__<__
_<><_
<>>><
_<><_
__<__
",4,0.7071067811865474,-0.7071067811865477,1418.0759614260407,True,=,,0.0,,,
55,0.5677052943747185,4,,1.0,0.0,1418.895641852973,,0.0005338870021205366,1419.4633471473478,"__<__
_<><_
<>>><
_<><_
__<__
",4,1.0,0.0,1419.4633471473478,True,=,,0.0,,,
56,0.5129892186409961,1,,1.0,0.0,1420.4126079341095,,0.0009408823348167061,1420.9255971527505,"__<__
_<<<_
<<<<<
_<<<_
__<__
",1,-1.0,1.2246467991473532e-16,1420.9255971527505,True,+,,0.0,,,
57,0.8008183127396933,4,,1.0,0.0,1421.77959138666,,0.0005660255035309092,1422.5804096993998,"__>__
_><>_
><><>
_><>_
__>__
",4,1.0,0.0,1422.5804096993998,True,~,,0.0,,,
58,0.7006115735175626,4,,1.0,0.0,1423.513231919738,,0.0005083978458060301,1424.2138434932556,"__>__
_><>_
><><>
_><>_
__>__
",4,-0.7071067811865475,0.7071067811865476,1424.2138434932556,True,~,,0.0,,,
59,0.5242109582316061,4,,1.0,0.0,1425.2135567402472,,0.0004772290405981039,1425.7377676984788,"__>__
_>>>_
>>>>>
_>>>_
__>__
",4,-0.7071067811865477,-0.7071067811865475,1425.7377676984788,True,+,,0.0,,,
60,0.57364939333047,1,,1.0,0.0,1426.697196026573,,0.000591099075791135,1427.2708454199035,"__<__
_<<<_
<<<<<
_<<<_
__<__
",1,-0.7071067811865477,-0.7071067811865475,1427.2708454199035,True,+,,0.0,,,
61,0.48521102527911353,1,,1.0,0.0,1428.122453785666,,0.0004812463531607136,1428.6076648109452,"__<__
_<<<_
<<<<<
_<<<_
__<__
",1,1.0,0.0,1428.6076648109452,True,+,,0.0,,,
62,0.6005318644931776,4,,1.0,0.0,1429.60611772998,,0.0005088134299739977,1430.2066495944732,"__<__
_<><_
<>>><
_<><_
__<__
",4,-1.0,1.2246467991473532e-16,1430.2066495944732,True,=,,0.0,,,
63,0.5682390428487452,1,,1.0,0.0,1431.039708503792,,0.0005282073531134301,1431.6079475466408,"__<__
_<<<_
<<<<<
_<<<_
__<__
",1,-0.7071067811865475,0.7071067811865476,1431.6079475466408,True,+,,0.0,,,
64,0.618894031048967,1,,1.0,0.0,1432.4233344360164,,0.0005237744563828528,1433.0422284670653,"__>__
_><>_
><<<>
_><>_
__>__
",1,0.7071067811865476,0.7071067811865475,1433.0422284670653,True,=,,0.0,,,
65,0.6133910053201816,1,,1.0,0.0,1433.9236181414083,,0.0004848480817827294,1434.5370091467285,"__>__
_><>_
><<<>
_><>_
__>__
",1,6.123233995736766e-17,1.0,1434.5370091467285,True,=,,0.0,,,
66,0.5193919838818601,4,,1.0,0.0,1435.490617496976,,0.0007167439930526598,1436.010009480858,"__>__
_>>>_
>>>>>
_>>>_
__>__
",4,1.0,0.0,1436.010009480858,True,+,,0.0,,,
67,0.627354907133622,1,,1.0,0.0,1436.9325803504094,,0.0004992549963844795,1437.559935257543,"__<__
_<<<_
<<<<<
_<<<_
__<__
",1,-1.8369701987210297e-16,-1.0,1437.559935257543,True,+,,0.0,,,
68,0.5117945529673307,1,,1.0,0.0,1438.5161958653264,,0.0004950991556142981,1439.0279904182937,"__<__
_<<<_
<<<<<
_<<<_
__<__
",1,0.7071067811865474,-0.7071067811865477,1439.0279904182937,True,+,,0.0,,,
69,0.5305160612160762,4,,1.0,0.0,1440.0081817421174,,0.0009225966357462312,1440.5386978033334,"__>__
_>>>_
>>>>>
_>>>_
__>__
",4,6.123233995736766e-17,1.0,1440.5386978033334,True,+,,0.0,,,
70,0.6036650913260928,4,,1.0,0.0,1441.4418149055045,,0.0005952549164476295,1442.0454799968306,"__>__
_><>_
><><>
_><>_
__>__
",4,0.7071067811865476,0.7071067811865475,1442.0454799968306,True,~,,0.0,,,
71,0.5768268106028245,1,,1.0,0.0,1442.8170803944613,,0.00048595630596537376,1443.3939072050641,"__>__
_><>_
><<<>
_><>_
__>__
",1,-1.0,1.2246467991473532e-16,1443.3939072050641,True,=,,0.0,,,
72,0.5358691996239031,1,,1.0,0.0,1444.292367272145,,0.000509921654156642,1444.8282364717688,"__<__
_<<<_
<<<<<
_<<<_
__<__
",1,6.123233995736766e-17,1.0,1444.8282364717688,True,+,,0.0,,,
73,0.48287918306141364,1,,1.0,0.0,1445.8010044944033,,0.0005210038959830854,1446.2838836774647,"__<__
_<><_
<><><
_<><_
__<__
",1,-1.0,1.2246467991473532e-16,1446.2838836774647,True,~,,0.0,,,
74,0.6806275208637089,1,,1.0,0.0,1447.0595886604285,,0.0005302852734985208,1447.7402161812922,"__>__
_><>_
><<<>
_><>_
__>__
",1,-0.7071067811865477,-0.7071067811865475,1447.7402161812922,True,=,,0.0,,,
75,0.6592512615748092,4,,1.0,0.0,1448.509945480911,,0.0005064584535148242,1449.1691967424858,"__>__
_><>_
><><>
_><>_
__>__
",4,0.7071067811865474,-0.7071067811865477,1449.1691967424858,True,~,,0.0,,,
76,0.5272016397286734,4,,1.0,0.0,1450.0768306893874,,0.0004901121467355551,1450.604032329116,"__>__
_><>_
><><>
_><>_
__>__
",4,-1.0,1.2246467991473532e-16,1450.604032329116,True,~,,0.0,,,
77,0.6193569917031709,1,,1.0,0.0,1451.5771343428148,,0.000498562356142429,1452.196491334518,"__>__
_><>_
><<<>
_><>_
__>__
",1,0.7071067811865474,-0.7071067811865477,1452.196491334518,True,=,,0.0,,,
78,0.49297275042954425,1,,1.0,0.0,1453.1691368983797,,0.0005023026128583297,1453.6621096488093,"__<__
_<<<_
<<<<<
_<<<_
__<__
",1,0.7071067811865476,0.7071067811865475,1453.6621096488093,True,+,,0.0,,,
79,0.6075710274735684,4,,1.0,0.0,1454.4693974972972,,0.0004977311880338675,1455.0769685247708,"__<__
_<><_
<>>><
_<><_
__<__
",4,-0.7071067811865475,0.7071067811865476,1455.0769685247708,True,=,,0.0,,,
80,0.5354809055743317,4,,1.0,0.0,1455.8530123472797,,0.0005169865833067888,1456.388493252854,"__>__
_>>>_
>>>>>
_>>>_
__>__
",4,-1.0,1.2246467991473532e-16,1456.388493252854,True,+,,0.0,,,
81,0.5593291974407748,4,,1.0,0.0,1457.2532896249713,,0.0005013329166558833,1457.812618822412,"__<__
_<><_
<>>><
_<><_
__<__
",4,0.7071067811865476,0.7071067811865475,1457.812618822412,True,=,,0.0,,,
82,0.5692991978116879,4,,1.0,0.0,1458.6869568662523,,0.0005180948074894332,1459.256256064064,"__>__
_>>>_
>>>>>
_>>>_
__>__
",4,-0.7071067811865475,0.7071067811865476,1459.256256064064,True,+,,0.0,,,
83,0.8775174005049848,1,,1.0,0.0,1460.17888760889,,0.0005009173326016025,1461.056405009395,"__<__
_<><_
<><><
_<><_
__<__
",1,-0.7071067811865477,-0.7071067811865475,1461.056405009395,True,~,,0.0,,,
84,0.5378921243493551,1,,1.0,0.0,1462.0375796051287,,0.0004912203709181995,1462.575471729478,"__<__
_<><_
<><><
_<><_
__<__
",1,1.0,0.0,1462.575471729478,True,~,,0.0,,,
85,0.6155320944494633,1,,1.0,0.0,1463.371173925258,,0.0006122938633552621,1463.9867060197075,"__>__
_><>_
><<<>
_><>_
__>__
",1,-1.8369701987210297e-16,-1.0,1463.9867060197075,True,=,,0.0,,,
86,0.5170979598146914,1,,1.0,0.0,1464.8881408375626,,0.0005413675153249642,1465.4052387973773,"__<__
_<><_
<><><
_<><_
__<__
",1,0.7071067811865474,-0.7071067811865477,1465.4052387973773,True,~,,0.0,,,
87,0.5746336349366175,4,,1.0,0.0,1466.3217487888494,,0.0009356182699775673,1466.896382423786,"__<__
_<><_
<>>><
_<><_
__<__
",4,6.123233995736766e-17,1.0,1466.896382423786,True,=,,0.0,,,
88,0.6736282539538934,4,,1.0,0.0,1467.7887527989587,,0.0005089519579541957,1468.4623810529126,"__<__
_<><_
<>>><
_<><_
__<__
",4,-1.8369701987210297e-16,-1.0,1468.4623810529126,True,=,,0.0,,,
89,0.7133677880231062,1,,1.0,0.0,1469.3390068870592,,0.0005538350375218215,1470.0523746750823,"__<__
_<><_
<><><
_<><_
__<__
",1,6.123233995736766e-17,1.0,1470.0523746750823,True,~,,0.0,,,
90,0.563235964756359,4,,1.0,0.0,1470.9643595101427,,0.0005149086629216981,1471.527595474899,"__>__
_><>_
><><>
_><>_
__>__
",4,-1.8369701987210297e-16,-1.0,1471.527595474899,True,~,,0.0,,,
91,0.6750223999813443,4,,1.0,0.0,1472.4063104501663,,0.0004615753739471984,1473.0813328501476,"__<__
_<><_
<>>><
_<><_
__<__
",4,-0.7071067811865477,-0.7071067811865475,1473.0813328501476,True,=,,0.0,,,
92,0.5431441373000325,4,,1.0,0.0,1473.9399744221857,,0.0005099216540429552,1474.4831185594858,"__>__
_>>>_
>>>>>
_>>>_
__>__
",4,-1.8369701987210297e-16,-1.0,1474.4831185594858,True,+,,0.0,,,
93,0.568128636014535,4,,1.0,0.0,1475.2818934453526,,0.0005466315802777899,1475.8500220813671,"__>__
_><>_
><><>
_><>_
__>__
",4,-0.7071067811865477,-0.7071067811865475,1475.8500220813671,True,~,,0.0,,,
94,0.6291315290334296,1,,1.0,0.0,1476.8071903247596,,0.0005218350640916469,1477.436321853793,"__<__
_<><_
<><><
_<><_
__<__
",1,-1.8369701987210297e-16,-1.0,1477.436321853793,True,~,,0.0,,,
95,0.5812387896196469,1,,1.0,0.0,1478.390837424066,,0.0005428913236755761,1478.9720762136856,"__>__
_><>_
><<<>
_><>_
__>__
",1,1.0,0.0,1478.9720762136856,True,=,,0.0,,,
96,0.653378366023162,4,,2.0,0.0,1740.8347900940273,,0.0005065969814950222,1741.4881684600505,"__>__
_>>>_
>>>>>
_>>>_
__>__
",4,1.0,0.0,1741.4881684600505,True,+,,0.0,,,
97,0.6252962421781376,4,,2.0,0.0,1742.4768500278994,,0.0005132463265908882,1743.1021462700776,"__<__
_<><_
<>>><
_<><_
__<__
",4,6.123233995736766e-17,1.0,1743.1021462700776,True,=,,0.0,,,
98,0.5816732135010625,1,,2.0,0.0,1744.1105495185043,,0.0004442593710791698,1744.6922227320053,"__<__
_<><_
<><><
_<><_
__<__
",4,-1.0,1.2246467991473532e-16,1744.6922227320053,False,~,,0.0,,,
99,0.6362150209813535,1,,2.0,0.0,1745.7024539962288,,0.0004938524033377689,1746.3386690172101,"__>__
_><>_
><<<>
_><>_
__>__
",1,1.0,0.0,1746.3386690172101,True,=,,0.0,,,
100,0.5156808181354791,1,,2.0,0.0,1747.3277963682385,,0.00051006018213684,1747.843477186374,"__<__
_<><_
<><><
_<><_
__<__
",1,0.7071067811865476,0.7071067811865475,1747.843477186374,True,~,,0.0,,,
101,0.5176306000646491,1,,2.0,0.0,1748.7614104147585,,0.0005251597366395799,1749.2790410148232,"__<__
_<<<_
<<<<<
_<<<_
__<__
",1,0.7071067811865474,-0.7071067811865477,1749.2790410148232,True,+,,0.0,,,
102,0.46775926489272024,1,,2.0,0.0,1750.0616760006849,,0.0005311164416070824,1750.5294352655776,"__<__
_<<<_
<<<<<
_<<<_
__<__
",1,1.0,0.0,1750.5294352655776,True,+,,0.0,,,
103,0.5653845343988451,1,,2.0,0.0,1751.5119682671086,,0.0005099216540429552,1752.0773528015075,"__<__
_<><_
<><><
_<><_
__<__
",1,-1.8369701987210297e-16,-1.0,1752.0773528015075,True,~,,0.0,,,
104,0.6531941237519732,1,,2.0,0.0,1752.8789073906917,,0.0005099216540429552,1753.5321015144436,"__>__
_><>_
><<<>
_><>_
__>__
",1,0.7071067811865474,-0.7071067811865477,1753.5321015144436,True,=,,0.0,,,
105,0.5942318870454528,4,,2.0,0.0,1754.3708591895888,,0.0005223891762398125,1754.9650910766343,"__>__
_><>_
><><>
_><>_
__>__
",4,1.0,0.0,1754.9650910766343,True,~,,0.0,,,
106,0.5372010080407108,1,,2.0,0.0,1755.9378599304368,,0.0005021640847644449,1756.4750609384776,"__<__
_<<<_
<<<<<
_<<<_
__<__
",1,-0.7071067811865477,-0.7071067811865475,1756.4750609384776,True,+,,0.0,,,
107,0.6084244986254816,4,,2.0,0.0,1757.4381306141945,,0.0004604671496508672,1758.04655511282,"__<__
_<><_
<>>><
_<><_
__<__
",4,0.7071067811865476,0.7071067811865475,1758.04655511282,True,=,,0.0,,,
108,0.49877984517002005,4,,2.0,0.0,1759.0468604285836,,0.0005308393855329996,1759.5456402737536,"__>__
_>>>_
>>>>>
_>>>_
__>__
",4,-0.7071067811865477,-0.7071067811865475,1759.5456402737536,True,+,,0.0,,,
109,0.5170792585313393,4,,2.0,0.0,1760.438738198105,,0.0005273761850048686,1760.9558174566364,"__>__
_><>_
><><>
_><>_
__>__
",4,6.123233995736766e-17,1.0,1760.9558174566364,True,~,,0.0,,,
110,0.5438770890716569,1,,2.0,0.0,1761.8640283727557,,0.00048318574556560634,1762.4079054618273,"__<__
_<><_
<><><
_<><_
__<__
",1,-0.7071067811865475,0.7071067811865476,1762.4079054618273,True,~,,0.0,,,
111,0.656266675310917,4,,2.0,0.0,1763.2059601405006,,0.0004556186688660091,1763.8622268158115,"__>__
_>>>_
>>>>>
_>>>_
__>__
",4,-1.8369701987210297e-16,-1.0,1763.8622268158115,True,+,,0.0,,,
112,0.45007907179569884,1,,2.0,0.0,1764.7646328536384,,0.000493575347377373,1765.2147119254341,"__<__
_<<<_
<<<<<
_<<<_
__<__
",1,-1.0,1.2246467991473532e-16,1765.2147119254341,True,+,,0.0,,,
113,0.5612331265940611,4,,2.0,0.0,1766.0648657469515,,0.0004935753472636861,1766.6260988735455,"__>__
_>>>_
>>>>>
_>>>_
__>__
",4,-1.0,1.2246467991473532e-16,1766.6260988735455,True,+,,0.0,,,
114,0.593091801412811,4,,2.0,0.0,1767.531830138046,,0.0004694714712059067,1768.1249219394588,"__<__
_<><_
<>>><
_<><_
__<__
",4,-0.7071067811865477,-0.7071067811865475,1768.1249219394588,True,=,,0.0,,,
115,0.55154226018999,1,,2.0,0.0,1768.8987642746201,,0.0005096445979688724,1769.4503065348101,"__>__
_><>_
><<<>
_><>_
__>__
",1,-0.7071067811865477,-0.7071067811865475,1769.4503065348101,True,=,,0.0,,,
116,0.5066742801668624,1,,2.0,0.0,1770.2490429098864,,0.000533332889972371,1770.7557171900532,"__<__
_<<<_
<<<<<
_<<<_
__<__
",1,-1.8369701987210297e-16,-1.0,1770.7557171900532,True,+,,0.0,,,
117,0.5935442339371093,4,,2.0,0.0,1771.6659643295882,,0.0004974541319597847,1772.2595085635253,"__<__
_<><_
<>>><
_<><_
__<__
",4,1.0,0.0,1772.2595085635253,True,=,,0.0,,,
118,0.637015851484648,1,,2.0,0.0,1773.1662810046496,,0.0003984065951954108,1773.8032968561342,"__<__
_<><_
<><><
_<><_
__<__
",1,0.7071067811865474,-0.7071067811865477,1773.8032968561342,True,~,,0.0,,,
119,0.6693270973557901,4,,2.0,0.0,1774.6332365299506,,0.000496900019925306,1775.3025636273064,"__<__
_<><_
<>>><
_<><_
__<__
",4,0.7071067811865474,-0.7071067811865477,1775.3025636273064,True,=,,0.0,,,
120,0.5658522050059673,1,,2.0,0.0,1776.1335268846876,,0.0004802766570719541,1776.6993790896936,"__>__
_><>_
><<<>
_><>_
__>__
",1,-1.8369701987210297e-16,-1.0,1776.6993790896936,True,=,,0.0,,,
121,0.5458461263963272,1,,2.0,0.0,1777.633843282693,,0.000496761491945108,1778.1796894090894,"__<__
_<><_
<><><
_<><_
__<__
",1,1.0,0.0,1778.1796894090894,True,~,,0.0,,,
122,0.5227954788886109,4,,2.0,0.0,1779.017425440062,,0.0006864063559532951,1779.5402209189506,"__>__
_>>>_
>>>>>
_>>>_
__>__
",4,0.7071067811865474,-0.7071067811865477,1779.5402209189506,True,+,,0.0,,,
123,0.5350448193564716,1,,2.0,0.0,1780.359363025984,,0.0005297311614640421,1780.8944078453405,"__<__
_<<<_
<<<<<
_<<<_
__<__
",1,6.123233995736766e-17,1.0,1780.8944078453405,True,+,,0.0,,,
124,0.5877070786157219,1,,2.0,0.0,1781.7429942222732,,0.0005072896216233858,1782.330701300889,"__<__
_<><_
<><><
_<><_
__<__
",1,6.123233995736766e-17,1.0,1782.330701300889,True,~,,0.0,,,
125,0.5409533166102847,1,,2.0,0.0,1783.1349373770217,,0.0004975926600536695,1783.675890693632,"__>__
_><>_
><<<>
_><>_
__>__
",1,0.7071067811865476,0.7071067811865475,1783.675890693632,True,=,,0.0,,,
126,0.7505730904326811,4,,2.0,0.0,1784.5518646149003,,0.0004903892028096379,1785.302437705333,"__>__
_>>>_
>>>>>
_>>>_
__>__
",4,6.123233995736766e-17,1.0,1785.302437705333,True,+,,0.0,,,
127,0.6431734221241641,4,,2.0,0.0,1786.068855631081,,0.0004989779401967098,1786.7120290532052,"__>__
_><>_
><><>
_><>_
__>__
",4,-0.7071067811865475,0.7071067811865476,1786.7120290532052,True,~,,0.0,,,
128,0.48865843366911577,4,,2.0,0.0,1787.5941558351606,,0.0005161554151982273,1788.0828142688297,"__>__
_><>_
><><>
_><>_
__>__
",4,-1.8369701987210297e-16,-1.0,1788.0828142688297,True,~,,0.0,,,
129,0.5698966691768419,4,,2.0,0.0,1789.0944556098032,,0.000520172727760837,1789.66435227898,"__>__
_><>_
><><>
_><>_
__>__
",4,0.7071067811865476,0.7071067811865475,1789.66435227898,True,~,,0.0,,,
130,0.4918733920358136,4,,2.0,0.0,1790.536455865803,,0.0004884498104047452,1791.0283292578388,"__>__
_>>>_
>>>>>
_>>>_
__>__
",4,-0.7071067811865475,0.7071067811865476,1791.0283292578388,True,+,,0.0,,,
131,0.46794461538797805,4,,2.0,0.0,1791.8699922812186,,0.0005222506481459277,1792.3379368966066,"__>__
_><>_
><><>
_><>_
__>__
",4,0.7071067811865474,-0.7071067811865477,1792.3379368966066,True,~,,0.0,,,
132,0.5983999182130901,4,,2.0,0.0,1793.1702711658352,,0.00046199095800147916,1793.7686710840483,"__<__
_<><_
<>>><
_<><_
__<__
",4,-1.8369701987210297e-16,-1.0,1793.7686710840483,True,=,,0.0,,,
133,0.5697629896342278,1,,2.0,0.0,1794.6872499915498,,0.0005416445715127338,1795.257012981184,"__>__
_><>_
><<<>
_><>_
__>__
",1,6.123233995736766e-17,1.0,1795.257012981184,True,=,,0.0,,,
134,0.7018497369906527,4,,2.0,0.0,1796.16251747531,,0.0006278090019122828,1796.8643672123007,"__<__
_<><_
<>>><
_<><_
__<__
",4,-1.0,1.2246467991473532e-16,1796.8643672123007,True,=,,0.0,,,
135,0.5928341392896073,4,,2.0,0.0,1797.7378501226526,,0.0005426142676014933,1798.3306842619422,"__>__
_><>_
><><>
_><>_
__>__
",4,-1.0,1.2246467991473532e-16,1798.3306842619422,True,~,,0.0,,,
136,0.5541503272861519,4,,2.0,0.0,1799.1381185345508,,0.0004998091084189582,1799.692268861837,"__<__
_<><_
<>>><
_<><_
__<__
",4,-0.7071067811865475,0.7071067811865476,1799.692268861837,True,=,,0.0,,,
137,0.4517231223774161,4,,2.0,0.0,1800.5550762485946,,0.0004910818429380015,1801.006799370972,"__>__
_><>_
><><>
_><>_
__>__
",4,-0.7071067811865477,-0.7071067811865475,1801.006799370972,True,~,,0.0,,,
138,0.542117367590663,1,,2.0,0.0,1801.9636751817072,,0.0004944065154859345,1802.505792549298,"__<__
_<><_
<><><
_<><_
__<__
",1,-0.7071067811865477,-0.7071067811865475,1802.505792549298,True,~,,0.0,,,
139,0.630130316082159,1,,2.0,0.0,1803.3389470429531,,0.0004971770758857019,1803.9690773590353,"__>__
_><>_
><<<>
_><>_
__>__
",1,-0.7071067811865475,0.7071067811865476,1803.9690773590353,True,=,,0.0,,,
140,0.5697199074190848,1,,2.0,0.0,1804.9392881543579,,0.00042375722352971934,1805.509008061777,"__>__
_><>_
><<<>
_><>_
__>__
",1,-1.0,1.2246467991473532e-16,1805.509008061777,True,=,,0.0,,,
141,0.5004642074063668,1,,2.0,0.0,1806.3062217368201,,0.00047778315263258264,1806.8066859442265,"__<__
_<<<_
<<<<<
_<<<_
__<__
",1,-0.7071067811865475,0.7071067811865476,1806.8066859442265,True,+,,0.0,,,
142,0.5447956683949542,1,,2.0,0.0,1807.7064790664763,,0.0007404322850561584,1808.2512747348712,"__<__
_<<<_
<<<<<
_<<<_
__<__
",1,0.7071067811865476,0.7071067811865475,1808.2512747348712,True,+,,0.0,,,
143,0.625301921827031,4,,2.0,0.0,1809.1234567285555,,0.0033260578414910924,1809.7487586503826,"__>__
_>>>_
>>>>>
_>>>_
__>__
",4,0.7071067811865476,0.7071067811865475,1809.7487586503826,True,+,,0.0,,,
144,0.658337392204885,1,,3.0,0.0,2463.087099771761,,0.0004716879195711954,2463.745437163966,"__<__
_<<<_
<<<<<
_<<<_
__<__
",1,-1.8369701987210297e-16,-1.0,2463.745437163966,True,+,,0.0,,,
145,0.5231393054427826,1,,3.0,0.0,2464.587435840746,,0.00046448446255453746,2465.1105751461887,"__>__
_><>_
><<<>
_><>_
__>__
",1,-0.7071067811865477,-0.7071067811865475,2465.1105751461887,True,=,,0.0,,,
146,0.5766409059956459,1,,3.0,0.0,2465.9043707807828,,0.0005211424238495965,2466.4810116867784,"__>__
_><>_
><<<>
_><>_
__>__
",1,0.7071067811865476,0.7071067811865475,2466.4810116867784,True,=,,0.0,,,
147,0.454249873524077,1,,3.0,0.0,2467.329652920808,,0.0004982853001820331,2467.783902794332,"__<__
_<<<_
<<<<<
_<<<_
__<__
",1,1.0,0.0,2467.783902794332,True,+,,0.0,,,
148,0.6729403237900442,4,,3.0,0.0,2468.5883271300486,,0.0004970385477918171,2469.2612674538386,"__<__
_<><_
<>>><
_<><_
__<__
",4,-0.7071067811865477,-0.7071067811865475,2469.2612674538386,True,=,,0.0,,,
149,0.6268007950402534,4,,3.0,0.0,2470.0301802692875,,0.00046628532686554536,2470.6569810643277,"__<__
_<><_
<>>><
_<><_
__<__
",4,-1.8369701987210297e-16,-1.0,2470.6569810643277,True,=,,0.0,,,
150,0.5183958288657777,1,,3.0,0.0,2471.5888346967263,,0.0005470471644457575,2472.107230525592,"__<__
_<<<_
<<<<<
_<<<_
__<__
",1,-1.0,1.2246467991473532e-16,2472.107230525592,True,+,,0.0,,,
151,0.4484653588515357,1,,3.0,0.0,2473.0307748315636,,0.001933574150370987,2473.479240190415,"__<__
_<<<_
<<<<<
_<<<_
__<__
",1,6.123233995736766e-17,1.0,2473.479240190415,True,+,,0.0,,,
152,0.6309207569838691,4,,3.0,0.0,2474.3310487291715,,0.0005204497838349198,2474.9619694861553,"__>__
_>>>_
>>>>>
_>>>_
__>__
",4,0.7071067811865474,-0.7071067811865477,2474.9619694861553,True,+,,0.0,,,
153,0.595742535140289,4,,3.0,0.0,2475.9480123722146,,0.0004693329431120219,2476.543754907355,"__>__
_><>_
><><>
_><>_
__>__
",4,-1.0,1.2246467991473532e-16,2476.543754907355,True,~,,0.0,,,
154,0.4458017420174656,4,,3.0,0.0,2477.4983440360083,,0.0005463545242037071,2477.944145778026,"__>__
_>>>_
>>>>>
_>>>_
__>__
",4,-0.7071067811865475,0.7071067811865476,2477.944145778026,True,+,,0.0,,,
155,0.3982650196239774,4,,3.0,0.0,2478.9402874955185,,0.00046323771039169515,2479.3385525151425,"__>__
_><>_
><><>
_><>_
__>__
",4,1.0,0.0,2479.3385525151425,True,~,,0.0,,,
156,0.40023017816338324,4,,3.0,0.0,2480.2238693204204,,0.0005380428426633443,2480.6240994985837,"__>__
_>>>_
>>>>>
_>>>_
__>__
",4,6.123233995736766e-17,1.0,2480.6240994985837,True,+,,0.0,,,
157,0.4860967734607584,1,,3.0,0.0,2481.532465704617,,0.0005297311613503553,2482.018562478078,"__<__
_<<<_
<<<<<
_<<<_
__<__
",1,0.7071067811865476,0.7071067811865475,2482.018562478078,True,+,,0.0,,,
158,0.5793816829382195,4,,3.0,0.0,2482.8077400039565,,0.0005409519314980571,2483.3871216868947,"__>__
_>>>_
>>>>>
_>>>_
__>__
",4,-1.0,1.2246467991473532e-16,2483.3871216868947,True,+,,0.0,,,
159,0.7495252644635002,1,,3.0,0.0,2484.2997023309836,,0.0004967614918314212,2485.049227595447,"__<__
_<><_
<><><
_<><_
__<__
",4,-1.0,1.2246467991473532e-16,2485.049227595447,False,~,,0.0,,,
160,0.9431090342991411,4,,3.0,0.0,2485.8833355774873,,0.00047044116740835307,2486.8264446117864,"__<__
_<><_
<>>><
_<><_
__<__
",4,6.123233995736766e-17,1.0,2486.8264446117864,True,=,,0.0,,,
161,0.5724554202970467,4,,3.0,0.0,2487.683835275773,,0.000870233042860491,2488.25629069607,"__<__
_<><_
<>>><
_<><_
__<__
",4,-0.7071067811865475,0.7071067811865476,2488.25629069607,True,=,,0.0,,,
162,0.5069435786440408,4,,3.0,0.0,2489.0423172635287,,0.0005394281229200715,2489.5492608421728,"__>__
_>>>_
>>>>>
_>>>_
__>__
",4,-1.8369701987210297e-16,-1.0,2489.5492608421728,True,+,,0.0,,,
163,0.5574076752277506,1,,3.0,0.0,2490.5092730658857,,0.000495376211574694,2491.0666807411135,"__<__
_<><_
<><><
_<><_
__<__
",1,1.0,0.0,2491.0666807411135,True,~,,0.0,,,
164,0.8132402591249956,4,,3.0,0.0,2491.9595683799257,,0.0005384584269449988,2492.7728086390507,"__>__
_><>_
><><>
_><>_
__>__
",4,-1.8369701987210297e-16,-1.0,2492.7728086390507,True,~,,0.0,,,
165,0.6344465722345376,4,,3.0,0.0,2493.568225882687,,0.0003362075128734432,2494.2026724549214,"__>__
_><>_
><><>
_><>_
__>__
",4,0.7071067811865474,-0.7071067811865477,2494.2026724549214,True,~,,0.0,,,
166,0.5792006268115983,1,,3.0,0.0,2495.1851864781133,,0.0007749257629257045,2495.764387104925,"__<__
_<><_
<><><
_<><_
__<__
",1,-0.7071067811865477,-0.7071067811865475,2495.764387104925,True,~,,0.0,,,
167,0.5925978104814931,4,,3.0,0.0,2496.7355283929805,,0.0007404322850561584,2497.328126203462,"__<__
_<><_
<>>><
_<><_
__<__
",4,-1.0,1.2246467991473532e-16,2497.328126203462,True,=,,0.0,,,
168,0.830198305635804,1,,3.0,0.0,2498.169157123471,,0.00046725502284061804,2498.999355429107,"__<__
_<><_
<><><
_<><_
__<__
",1,0.7071067811865474,-0.7071067811865477,2498.999355429107,True,~,,0.0,,,
169,0.6489197030623473,4,,3.0,0.0,2499.9861624357436,,0.0005082593177121453,2500.635082138806,"__>__
_>>>_
>>>>>
_>>>_
__>__
",4,-0.7071067811865477,-0.7071067811865475,2500.635082138806,True,+,,0.0,,,
170,0.6226238980789276,4,,3.0,0.0,2501.544807997389,,0.0004153070140091586,2502.167431895468,"__<__
_<><_
<>>><
_<><_
__<__
",4,1.0,0.0,2502.167431895468,True,=,,0.0,,,
171,0.5207963809830289,4,,3.0,0.0,2503.0951521287047,,0.0004491078518640279,2503.6159485096878,"__>__
_><>_
><><>
_><>_
__>__
",4,0.7071067811865476,0.7071067811865475,2503.6159485096878,True,~,,0.0,,,
172,0.6229279670901633,1,,3.0,0.0,2504.545384273966,,0.000509921654156642,2505.1683122410564,"__>__
_><>_
><<<>
_><>_
__>__
",1,-1.8369701987210297e-16,-1.0,2505.1683122410564,True,=,,0.0,,,
173,0.5530644061109342,1,,3.0,0.0,2505.9373676018417,,0.0005426142674878065,2506.4904320079527,"__<__
_<><_
<><><
_<><_
__<__
",1,6.123233995736766e-17,1.0,2506.4904320079527,True,~,,0.0,,,
174,0.5432513579899023,4,,3.0,0.0,2507.320957793836,,0.0005262679608222243,2507.864209151826,"__>__
_>>>_
>>>>>
_>>>_
__>__
",4,0.7071067811865476,0.7071067811865475,2507.864209151826,True,+,,0.0,,,
175,0.7574205306286785,1,,3.0,0.0,2508.646222700975,,0.0005230818164818629,2509.403643231604,"__<__
_<><_
<><><
_<><_
__<__
",1,-1.8369701987210297e-16,-1.0,2509.403643231604,True,~,,0.0,,,
176,0.5233727251620621,4,,3.0,0.0,2510.196530260893,,0.0004962073796832556,2510.719902986055,"__>__
_>>>_
>>>>>
_>>>_
__>__
",4,1.0,0.0,2510.719902986055,True,+,,0.0,,,
177,0.5366534067643443,1,,3.0,0.0,2511.5800944096186,,0.0005031337809668912,2512.116747816383,"__<__
_<<<_
<<<<<
_<<<_
__<__
",1,0.7071067811865474,-0.7071067811865477,2512.116747816383,True,+,,0.0,,,
178,0.792024830871469,4,,3.0,0.0,2512.897051237083,,0.0004964844358710252,2513.6890760679544,"__<__
_<><_
<>>><
_<><_
__<__
",4,0.7071067811865476,0.7071067811865475,2513.6890760679544,True,=,,0.0,,,
179,0.7297645189837567,1,,3.0,0.0,2514.639083797818,,0.0004781987365731766,2515.3688483168016,"__<__
_<><_
<><><
_<><_
__<__
",1,-0.7071067811865475,0.7071067811865476,2515.3688483168016,True,~,,0.0,,,
180,0.5559964902536194,1,,3.0,0.0,2516.281081671136,,0.0004960688518167444,2516.8370781613894,"__>__
_><>_
><<<>
_><>_
__>__
",1,6.123233995736766e-17,1.0,2516.8370781613894,True,=,,0.0,,,
181,0.7865574068441674,4,,3.0,0.0,2517.698007246678,,0.0009796701813229447,2518.4845646535223,"__<__
_<><_
<>>><
_<><_
__<__
",4,0.7071067811865474,-0.7071067811865477,2518.4845646535223,True,=,,0.0,,,
182,0.5287513527264309,1,,3.0,0.0,2519.4816954611015,,0.0005428913236755761,2520.010446813828,"__<__
_<<<_
<<<<<
_<<<_
__<__
",1,-0.7071067811865477,-0.7071067811865475,2520.010446813828,True,+,,0.0,,,
183,0.566845589461991,1,,3.0,0.0,2520.9819910799033,,0.00046240654205575993,2521.5488366693653,"__>__
_><>_
><<<>
_><>_
__>__
",1,0.7071067811865474,-0.7071067811865477,2521.5488366693653,True,=,,0.0,,,
184,0.518592954243104,1,,3.0,0.0,2522.3405722537236,,0.01344913167872619,2522.8591652079667,"__<__
_<<<_
<<<<<
_<<<_
__<__
",1,-0.7071067811865475,0.7071067811865476,2522.8591652079667,True,+,,0.0,,,
185,0.6333976380419699,1,,3.0,0.0,2523.6825566621173,,0.000465315630663099,2524.3159543001593,"__>__
_><>_
><<<>
_><>_
__>__
",1,-1.0,1.2246467991473532e-16,2524.3159543001593,True,=,,0.0,,,
186,0.5945520253076211,1,,3.0,0.0,2525.266200159695,,0.0005119995744280459,2525.8607521850026,"__>__
_><>_
><<<>
_><>_
__>__
",1,1.0,0.0,2525.8607521850026,True,=,,0.0,,,
187,0.6030886762209775,4,,3.0,0.0,2526.741506985414,,0.0006153414799427992,2527.344595661635,"__>__
_><>_
><><>
_><>_
__>__
",1,-0.7071067811865475,0.7071067811865476,2527.344595661635,False,~,,0.0,,,
188,0.6489820406732179,1,,3.0,0.0,2528.275114438,,0.0005229432883879781,2528.924096478673,"__>__
_><>_
><<<>
_><>_
__>__
",1,-0.7071067811865475,0.7071067811865476,2528.924096478673,True,=,,0.0,,,
189,0.7891816817191284,4,,3.0,0.0,2529.908792872345,,0.0005532809254873428,2530.6979745540643,"__>__
_><>_
><><>
_><>_
__>__
",4,6.123233995736766e-17,1.0,2530.6979745540643,True,~,,0.0,,,
190,0.6084800483631625,1,,3.0,0.0,2531.4757728339896,,0.0005365190345401061,2532.0842528823528,"__<__
_<><_
<><><
_<><_
__<__
",1,0.7071067811865476,0.7071067811865475,2532.0842528823528,True,~,,0.0,,,
191,0.6966798711573574,4,,3.0,0.0,2532.9677523384917,,0.0004964844358710252,2533.664432209649,"__>__
_><>_
><><>
_><>_
__>__
",4,-0.7071067811865477,-0.7071067811865475,2533.664432209649,True,~,,0.0,,,
