,rt,disappear_time_error,disappear_time_time,run_num,refresh_rate,appear_time_error,appear_time_time,eeg_pulse_time,right_coherence,left_coherence,press_time_error,press_time_time,incorrect_resp,pressed,log_time,correct_resp,correct,fmri_tr_time,log_num,press_time,fmri_tr_time_error,fmri_tr_time_time
0,1.142951084646711,0.0,138.3653028305708,0.0,27.209951813688644,0.0,137.2065549798331,,0.3,0.18,0.0007603803203721782,138.3495060644798,1,4,138.8495060644798,4,True,,0.0,,,
1,1.2399529780477394,0.0,140.6822361082713,0.0,26.024993805626213,0.0,139.4236774314023,,0.24,0.12,0.0005313934977237977,140.66363040945004,1,1,141.16363040945004,4,False,,0.0,,,
2,1.027539371049528,0.0,142.8910094758709,0.0,26.95652964428674,0.0,141.84080830547535,,0.0,0.12,0.0003438265540580687,142.86834767652488,4,1,143.36834767652488,1,True,,0.0,,,
3,0.9748851464158008,0.0,144.6413589820739,0.0,26.223145844371153,0.0,143.6578474185857,,0.06,0.24,0.00048318574556560634,144.6327325650015,4,1,145.1327325650015,1,True,,0.0,,,
4,2.622192660342023,0.0,148.20893101249024,0.0,26.906689077586034,0.0,145.57495058705405,,0.06,0.24,0.0005018870287329946,148.19714324739607,4,1,148.69714324739607,1,True,,0.0,,,
5,0.788885508805123,0.0,149.8174167405021,0.0,26.157135883088966,0.0,149.01725782115366,,0.18,0.0,0.00048263163347428417,149.8061433299588,1,4,150.3061433299588,4,True,,0.0,,,
6,0.8818096913096838,0.0,151.7927839644393,0.0,25.957395446844306,0.0,150.9010247749058,,0.3,0.12,0.0005462159962092983,151.7828344662155,1,4,152.2828344662155,4,True,,0.0,,,
7,1.4988848494117235,0.0,154.4766566427789,0.0,27.254708234292945,0.0,152.9680462949572,,0.0,0.06,0.0004834628016254783,154.4669311443689,4,1,154.9669311443689,1,True,,0.0,,,
8,2.2540633039820364,0.0,157.65247114599802,0.0,27.13762098040645,0.0,155.3768469248718,,0.06,0.06,0.0005013329166416725,157.63091022885385,1,4,158.13091022885385,4,True,,0.0,,,
9,0.7495754116083049,0.0,159.17758904719872,0.0,25.79401182798491,0.0,158.41916779012894,,0.0,0.18,0.0005327787779521032,159.16874320173724,4,1,159.66874320173724,1,True,,0.0,,,
10,0.7113037204748309,0.0,160.7695988062209,0.0,26.351345135805914,0.0,160.03607269729022,,0.12,0.18,0.003288655275241581,160.74737641776505,4,1,161.24737641776505,1,True,,0.0,,,
11,0.6466169517296123,0.0,162.26989581030304,0.0,26.895313745798884,0.0,161.61147571686868,,0.18,0.3,0.00048817275441592756,162.2580926685983,4,1,162.7580926685983,1,True,,0.0,,,
12,0.6945268686183397,0.0,164.17027781518036,0.0,25.704563599304013,0.0,163.4618585252085,,0.06,0.06,0.0004693329432399196,164.15638539382684,4,4,164.65638539382684,1,False,,0.0,,,
13,2.883867109513062,0.0,167.87953381441346,0.0,27.165759889668145,0.0,164.97877390508836,,0.18,0.18,0.0005758609932371428,167.86264101460142,1,4,168.36264101460142,4,True,,0.0,,,
14,0.8023579131916847,0.0,169.57133084980293,0.0,26.49441859720228,0.0,168.75452695727628,,0.0,0.24,0.0005000861644219867,169.55688487046797,4,1,170.05688487046797,1,True,,0.0,,,
15,1.196318728600886,0.0,171.69678986240842,0.0,26.191786761389345,0.0,170.4882209621713,,0.18,0.06,0.00048332427360264774,171.6845396907722,1,1,172.1845396907722,4,False,,0.0,,,
16,1.111696392009918,0.0,173.88888279365585,0.0,26.596326264874126,0.0,172.76366177219455,,0.12,0.12,0.00048138488128302015,173.87535816420447,4,4,174.37535816420447,1,False,,0.0,,,
17,1.6805847157044695,0.0,176.75610174384616,0.0,27.239508284456488,0.0,175.0641188038493,,0.18,0.12,0.0004489693237985648,176.74470351955378,1,1,177.24470351955378,4,False,,0.0,,,
18,,0.0,180.7485921396983,0.0,26.848445031648975,0.0,177.7396371341544,,0.0,0.0,,,4,,181.7329622998755,1,False,,0.0,,,
19,1.4101793993314118,0.0,183.50747995915086,0.0,27.482543959185055,0.0,182.08220917842354,,0.24,0.06,0.0006340427630391332,183.49238857775495,1,4,183.99238857775495,4,True,,0.0,,,
20,0.6537032142380212,0.0,185.04122593976027,0.0,25.990234980532353,0.0,184.3743681044213,,0.12,0.24,0.000528345881207315,185.02807131865933,4,1,185.52807131865933,1,True,,0.0,,,
21,0.7729607428205156,0.0,186.7497843118676,0.0,26.399297847830283,0.0,185.9662989024702,,0.0,0.3,0.0009595836180125161,186.7392596452907,4,1,187.2392596452907,1,True,,0.0,,,
22,1.101938893626567,0.0,188.64210066111113,0.0,27.23613276172483,0.0,187.5332893922443,,0.24,0.24,0.0004914974269780714,188.63522828587088,4,1,189.13522828587088,1,True,,0.0,,,
23,0.9908212716983087,0.0,190.67569342972666,0.0,26.90634085250451,0.0,189.6670215754626,,0.12,0.0,0.00046670091079192844,190.6578428471609,1,1,191.1578428471609,4,False,,0.0,,,
24,0.7829699466224156,0.0,192.6759364078797,0.0,26.697031620354025,0.0,191.8758157222657,,0.3,0.0,0.0005018870287329946,192.65878566888813,1,4,193.15878566888813,4,True,,0.0,,,
25,0.6754994904939338,0.0,194.27626809937888,0.0,27.033960095271603,0.0,193.59280490987643,,0.24,0.3,0.00046933294322570873,194.26830440037037,4,1,194.76830440037037,1,True,,0.0,,,
26,0.840249760485051,0.0,196.11832620468124,0.0,27.23931237184212,0.0,195.26831908434085,,0.24,0.24,0.0005114454623367237,196.1085688448259,1,4,196.6085688448259,4,True,,0.0,,,
27,1.4832634597983372,0.0,198.72725937820866,0.0,27.02895926692679,0.0,197.2351948175004,,0.24,0.0,0.0005101987101312488,198.71845827729874,1,4,199.21845827729874,4,True,,0.0,,,
28,1.5554887850482828,0.0,201.49457219498763,0.0,26.723680696591607,0.0,199.92746090877708,,0.18,0.0,0.0004405191143632692,201.48294969382536,1,4,201.98294969382536,4,True,,0.0,,,
29,1.1214447475437623,0.0,203.6531504874247,0.0,26.744223700646454,0.0,202.5112650988619,,0.24,0.0,0.0008333845887023017,203.63270984640567,1,4,204.13270984640567,4,True,,0.0,,,
30,0.8997708192380856,0.0,205.64522862387923,0.0,25.470897924487513,0.0,204.72835984482646,,0.3,0.0,0.0004779216806838349,205.62813066406454,1,4,206.12813066406454,4,True,,0.0,,,
31,0.7404462763390427,0.0,207.5955937560433,0.0,26.629231294053184,0.0,206.83713010939834,,0.0,0.3,0.0005196186157263583,207.5775763857374,4,1,208.0775763857374,1,True,,0.0,,,
32,1.117681356732362,0.0,209.87108637554726,0.0,26.87820568409513,0.0,208.73750574198658,,0.24,0.12,0.0005096445980399267,209.85518709871894,1,4,210.35518709871894,4,True,,0.0,,,
33,1.7346240820440357,0.0,212.75513121651431,0.0,26.091956129169887,0.0,211.00472685321404,,0.3,0.12,0.0004690558871942585,212.73935093525807,1,1,213.23935093525807,4,False,,0.0,,,
34,0.8442332723255959,0.0,214.55540566823424,0.0,27.036606832975618,0.0,213.69683502254406,,0.06,0.3,0.0005064584535006134,214.54106829486966,4,1,215.04106829486966,1,True,,0.0,,,
35,1.2025364204026232,0.0,216.83079494583276,0.0,26.408414102434833,0.0,215.61391768886494,,0.3,0.06,0.0005090904859486045,216.81645410926757,1,4,217.31645410926757,4,True,,0.0,,,
36,1.3576019192226454,0.0,219.3979500068987,0.0,26.76571762302264,0.0,218.0310297231268,,0.0,0.12,0.000526267960850646,219.38863164234945,4,1,219.88863164234945,1,True,,0.0,,,
37,1.3661974445458611,0.0,221.86511055367436,0.0,26.671088112402778,0.0,220.4815533313496,,0.06,0.3,0.0006544063824946988,221.84775077589546,4,1,222.34775077589546,1,True,,0.0,,,
38,2.437031809912952,0.0,225.21580560417888,0.0,27.070014806168302,0.0,222.76531995263448,,0.06,0.12,0.0005106142942139513,225.20235176254744,4,4,225.70235176254744,1,False,,0.0,,,
39,0.6723578134515265,0.0,226.79942388965634,0.0,28.026602683563347,0.0,226.1159798170211,,0.12,0.3,0.0004899736187269355,226.78833763047263,4,1,227.28833763047263,1,True,,0.0,,,
40,0.6229070493586448,0.0,228.341404530088,0.0,27.012236182012522,0.0,227.69958092502364,,0.3,0.06,0.0004457831792592515,228.32248797438228,1,4,228.82248797438228,4,True,,0.0,,,
41,0.7071395680918044,0.0,230.27509753758127,0.0,26.717174035017873,0.0,229.55832223723866,,0.12,0.06,0.0005167095272469169,230.26546180533046,1,4,230.76546180533046,4,True,,0.0,,,
42,1.3491995019640513,0.0,232.6422591371699,0.0,26.423526353091205,0.0,231.2753452256871,,0.0,0.24,0.0004804151851089955,232.62454472765114,4,4,233.12454472765114,1,False,,0.0,,,
43,1.0392614738605914,0.0,234.83456678685357,0.0,25.843810813616876,0.0,233.77581899152707,,0.18,0.24,0.0007695231699074156,234.81508046538767,4,4,235.31508046538767,1,False,,0.0,,,
44,1.3123298529552585,0.0,237.2848582221092,0.0,26.335177545817917,0.0,235.95961769590218,,0.06,0.18,0.0004969000198968843,237.27194754885744,4,1,237.77194754885744,1,True,,0.0,,,
45,1.971678638258453,0.0,240.3271513817616,0.0,26.883539208400546,0.0,238.34342260633272,,0.18,0.06,0.0004969000198968843,240.31510124459118,1,4,240.81510124459118,4,True,,0.0,,,
46,0.7569771024259637,0.0,241.96078576419538,0.0,27.502003953877058,0.0,241.19396638423572,,0.18,0.3,0.0005018870287329946,241.95094348666169,4,1,242.45094348666169,1,True,,0.0,,,
47,1.0101585370110797,0.0,243.75285824870656,0.0,26.879276145185916,0.0,242.72761040821993,,0.12,0.0,0.0005239129844483159,243.737768945231,1,4,244.237768945231,4,True,,0.0,,,
48,1.026057536783327,0.0,245.98680853044485,0.0,27.24725424046506,0.0,244.94473812385402,,0.18,0.18,0.0004941294594260626,245.97079566063735,4,4,246.47079566063735,1,False,,0.0,,,
49,1.8183556834446506,0.0,248.62047338904375,0.0,27.233974420401147,0.0,246.78674857551633,,0.3,0.18,0.0004568654211283274,248.60510425896098,1,1,249.10510425896098,4,False,,0.0,,,
50,0.5426633065308977,0.0,250.35416711688273,0.0,25.504739328678355,0.0,249.79571410919002,,0.24,0.06,0.0005183718635208834,250.3383774157209,1,4,250.8383774157209,4,True,,0.0,,,
51,0.9436350252038039,0.0,252.15451194083855,0.0,27.071034335054044,0.0,251.1959972050586,,0.24,0.18,0.00046670091079192844,252.1396322302624,1,4,252.6396322302624,4,True,,0.0,,,
52,1.5107655668095958,0.0,254.7800404945118,0.0,26.820510125168646,0.0,253.25474638566533,,0.12,0.12,0.0007790816035395665,254.76551195247492,1,4,255.26551195247492,4,True,,0.0,,,
53,1.0824759833966198,0.0,257.08069285067955,0.0,26.692384186117213,0.0,255.98860800946866,,0.3,0.3,0.0005158783590957228,257.0710839928653,4,4,257.5710839928653,1,False,,0.0,,,
54,1.0937780692407841,0.0,259.0558888539798,0.0,26.468804938957177,0.0,257.94737403508304,,0.3,0.3,0.0005232203443199523,259.0411521043238,1,4,259.5411521043238,4,True,,0.0,,,
55,1.4075549859283,0.0,261.3229850129302,0.0,26.83494096210737,0.0,259.9060638702846,,0.06,0.18,0.0005377657867882135,261.3136188562129,4,1,261.8136188562129,1,True,,0.0,,,
56,1.753045677122202,0.0,264.06524171200687,0.0,26.74776530904941,0.0,262.29815691235444,,0.0,0.0,0.0005090904859343937,264.05120258947665,1,4,264.55120258947665,4,True,,0.0,,,
57,0.951897806214788,0.0,266.1322998034564,0.0,26.600689594181006,0.0,265.16543930837946,,0.0,0.18,0.0004914974269922823,266.11733711459425,4,4,266.61733711459425,1,False,,0.0,,,
58,1.122234911389171,0.0,268.08286441597414,0.0,27.629255410127733,0.0,266.94913749682075,,0.12,0.24,0.0005097831260627572,268.0713724082099,4,4,268.5713724082099,1,False,,0.0,,,
59,1.7534636161687445,0.0,270.7498857143807,0.0,26.8342823069411,0.0,268.98281975453943,,0.12,0.3,0.0004962073797685207,270.7362833707082,4,1,271.2362833707082,1,True,,0.0,,,
60,0.8053341877742355,0.0,272.4252189712466,0.0,26.892856761059104,0.0,271.6083699185843,,0.3,0.24,0.0004802766571003758,272.4137041063585,1,4,272.9137041063585,4,True,,0.0,,,
61,1.138380213987034,0.0,274.7423716773361,0.0,25.84939072775656,0.0,273.58376235462174,,0.06,0.0,0.0004896965626812744,274.7221425686088,1,4,275.2221425686088,4,True,,0.0,,,
62,0.9042251878302068,0.0,1258.3719408163954,1.0,27.108375349026097,0.0,1257.4467972043938,,0.12,0.18,0.000995323848087537,1258.351022392224,4,4,1258.851022392224,1,False,,0.0,,,
63,0.8560214530039048,0.0,1260.014214914592,1.0,27.2266157745526,0.0,1259.1471314448086,,0.06,0.18,0.0004665623827122545,1260.0031528978125,4,1,1260.5031528978125,1,True,,0.0,,,
64,1.011080302478831,0.0,1262.231063634787,1.0,27.051432811323437,0.0,1261.2058942011615,,0.0,0.3,0.002192621554172547,1262.2169745036404,4,1,1262.7169745036404,1,True,,0.0,,,
65,0.6207091637395479,0.0,1264.048094990328,1.0,25.241558129559614,0.0,1263.4063004761485,,0.0,0.3,0.00048235457734335796,1264.027009639888,4,1,1264.527009639888,1,True,,0.0,,,
66,0.5211253850388857,0.0,1265.6734351458895,1.0,26.574299132392614,0.0,1265.1399770265125,,0.3,0.06,0.0005038264210952548,1265.6611024115514,1,4,1266.1611024115514,4,True,,0.0,,,
67,0.6647346163242673,0.0,1267.5154508616165,1.0,27.29610250041816,0.0,1266.8402954747328,,0.24,0.24,0.0004281901202602967,1267.505030091057,4,4,1268.005030091057,1,False,,0.0,,,
68,1.0037286202775704,0.0,1269.440823044857,1.0,26.854163776982396,0.0,1268.4156311696918,,0.12,0.0,0.0009187178511638194,1269.4193597899693,1,4,1269.9193597899693,4,True,,0.0,,,
69,1.0186540451015844,0.0,1271.482906196026,1.0,27.44151700217588,0.0,1270.4410336074525,,0.12,0.3,0.0009016789042561868,1271.459687652554,4,1,1271.959687652554,1,True,,0.0,,,
70,1.0909756473274683,0.0,1273.3918151548548,1.0,24.21766253194894,0.0,1272.2914028400462,,0.0,0.24,0.0004977311880338675,1273.3823784873737,4,1,1273.8823784873737,1,True,,0.0,,,
71,0.7169336378735807,0.0,1274.8835453089148,1.0,26.15710227921157,0.0,1274.1501009315177,,0.3,0.0,0.0004647615184012466,1274.8670345693913,1,4,1275.3670345693913,4,True,,0.0,,,
72,0.7469189982318767,0.0,1276.800612460097,1.0,26.80759187717941,0.0,1276.042154077517,,0.12,0.3,0.0005297311613503553,1276.7890730757488,4,1,1277.2890730757488,1,True,,0.0,,,
73,1.1547284601392676,0.0,1278.9427427662051,1.0,27.302405446294568,0.0,1277.775824532648,,0.06,0.18,0.0005307008575528016,1278.9305529927872,4,1,1279.4305529927872,1,True,,0.0,,,
74,1.1634296823442583,0.0,1280.9848051381707,1.0,26.52952848913269,0.0,1279.801270468208,,0.0,0.12,0.00045007754806647426,1280.9647001505523,4,1,1281.4647001505523,1,True,,0.0,,,
75,0.8691349312816783,0.0,1283.060196244339,1.0,26.76459963281933,0.0,1282.1767116106985,,0.0,0.18,0.0005104757661911208,1283.0458465419802,4,1,1283.5458465419802,1,True,,0.0,,,
76,1.1449759487645679,0.0,1284.9857817607356,1.0,27.11406702450765,0.0,1283.8270402822868,,0.06,0.06,0.0005269606009505878,1284.9720162310514,4,1,1285.4720162310514,1,True,,0.0,,,
77,0.8101186686458277,0.0,1286.8526449709618,1.0,27.622582482741954,0.0,1286.0274939338578,,0.06,0.3,0.00046753207891470083,1286.8376126025037,4,1,1287.3376126025037,1,True,,0.0,,,
78,0.7203029164584223,0.0,1288.5696626953452,1.0,26.82432575545641,0.0,1287.8361906123437,,0.24,0.0,0.0005038264210952548,1288.556493528802,1,4,1289.056493528802,4,True,,0.0,,,
79,0.9247015690791613,0.0,1290.6283949755332,1.0,26.28543355426411,0.0,1289.6865390657338,,0.24,0.0,0.0005052117012382951,1290.611240634813,1,4,1291.111240634813,4,True,,0.0,,,
80,1.1146391428105744,0.0,1292.987171473866,1.0,25.921146874467468,0.0,1291.8619521147411,,0.18,0.0,0.00051006018213684,1292.9765912575517,1,4,1293.4765912575517,4,True,,0.0,,,
81,0.6590972184128532,0.0,1294.662557371381,1.0,26.61124205386016,0.0,1293.987372062444,,0.24,0.12,0.000513384854684773,1294.6464692808568,1,1,1295.1464692808568,4,False,,0.0,,,
82,1.1254380948739708,0.0,1296.8962829606653,1.0,26.94139003100199,0.0,1295.7627510889688,,0.18,0.0,0.0004883112824245472,1296.8881891838428,1,4,1297.3881891838428,4,True,,0.0,,,
83,0.948503315529706,0.0,1299.0635339385346,1.0,26.797941369848484,0.0,1298.096551538797,,0.06,0.24,0.0005288999932417937,1299.0450548543267,4,1,1299.5450548543267,1,True,,0.0,,,
84,1.3407824007349518,0.0,1301.6138661564403,1.0,26.893450597195958,0.0,1300.2636678674276,,0.3,0.3,0.00047999960111155815,1301.6044502681625,4,1,1302.1044502681625,1,True,,0.0,,,
85,1.1055226135915746,0.0,1303.6476595136337,1.0,26.328240627613702,0.0,1302.5307690133868,,0.18,0.12,0.000506735509588907,1303.6362916269784,1,4,1304.1362916269784,4,True,,0.0,,,
86,1.1787215137899238,0.0,1305.7480687808259,1.0,26.654657695632483,0.0,1304.556150394888,,0.0,0.0,0.000498562356142429,1305.7348719086779,1,4,1306.2348719086779,4,True,,0.0,,,
87,1.5163652850990275,0.0,1308.3402577951103,1.0,27.46690440142817,0.0,1306.8149586992552,,0.24,0.06,0.0004664238547320565,1308.3313239843542,1,4,1308.8313239843542,4,True,,0.0,,,
88,1.3184710772879953,0.0,1310.665898944361,1.0,27.151245712225553,0.0,1309.3321034815417,,0.24,0.24,0.0004955147396685788,1310.6505745588297,1,1,1311.1505745588297,4,False,,0.0,,,
89,1.5247858495285982,0.0,1313.0411935242028,1.0,27.145989904361354,0.0,1311.5076159936698,,0.0,0.0,0.000506874037569105,1313.0324018431984,4,4,1313.5324018431984,1,False,,0.0,,,
90,1.0341021361575713,0.0,1314.9167903721916,1.0,26.357069527518714,0.0,1313.8663730980795,,0.24,0.06,0.0006248999135323174,1314.900475234237,1,4,1315.400475234237,4,True,,0.0,,,
91,1.0200997235535851,0.0,1316.9586549261396,1.0,26.468084459995968,0.0,1315.9250862614,,0.18,0.18,0.0004938524033377689,1316.9451859849537,4,1,1317.4451859849537,1,True,,0.0,,,
92,0.7032780994397854,0.0,1318.8590269569993,1.0,24.286377435269486,0.0,1318.1422577518897,,0.3,0.12,0.0007947352701194177,1318.8455358513295,1,4,1319.3455358513295,4,True,,0.0,,,
93,1.3516367640074805,0.0,1321.2513449685791,1.0,27.12693570829011,0.0,1319.8925632061812,,0.0,0.12,0.0005117225183539631,1321.2441999701887,4,1,1321.7441999701887,1,True,,0.0,,,
94,0.8583059186375976,0.0,1323.2098935051968,1.0,26.706722966811217,0.0,1322.3349147692484,,0.12,0.12,0.0004611597897792308,1323.193220687886,4,1,1323.693220687886,1,True,,0.0,,,
95,1.1272838422576115,0.0,1325.135252943859,1.0,26.968897148143327,0.0,1323.9933922132843,,0.18,0.24,0.0009462849277497298,1325.120676055542,4,1,1325.620676055542,1,True,,0.0,,,
96,1.1132650833467324,0.0,1327.1023361919977,1.0,27.17399502521208,0.0,1325.968779385257,,0.18,0.18,0.0005024411407248408,1327.0820444686037,1,1,1327.5820444686037,4,False,,0.0,,,
97,0.665495827812947,0.0,1328.6609751042977,1.0,26.817128379557765,0.0,1327.9858734662869,,0.3,0.06,0.00045991303761638846,1328.6513692940998,1,4,1329.1513692940998,4,True,,0.0,,,
98,0.8831946944876563,0.0,1330.5363508615612,1.0,27.26767113601292,0.0,1329.6445415248832,,0.24,0.18,0.0004669779668802221,1330.5277362193708,1,1,1331.0277362193708,4,False,,0.0,,,
99,1.1006738557168774,0.0,1332.8203172402557,1.0,26.584607633922573,0.0,1331.7032544111478,,0.06,0.12,0.0005092290140282785,1332.8039282668647,4,1,1333.3039282668647,1,True,,0.0,,,
100,0.8543623028676848,0.0,1334.9205530703628,1.0,26.47561006173347,0.0,1334.0537120246204,,0.18,0.06,0.0004561727810141747,1334.908074327488,1,4,1335.408074327488,4,True,,0.0,,,
101,1.442557277181777,0.0,1337.4544010075974,1.0,26.869595609894382,0.0,1335.9957807134635,,0.06,0.0,0.0006271163618976061,1337.4383379906453,1,1,1337.9383379906453,4,False,,0.0,,,
102,0.9196045689866423,0.0,1339.6298359440325,1.0,27.508962766215507,0.0,1338.6963174818486,,0.3,0.0,0.00047833726478074823,1339.6159220508353,1,4,1340.1159220508353,4,True,,0.0,,,
103,1.0680633893152844,0.0,1341.8719480198527,1.0,26.962276934613914,0.0,1340.788582963602,,0.3,0.3,0.0005741986569773871,1341.8566463529173,1,4,1342.3566463529173,4,True,,0.0,,,
104,1.0221169686301437,0.0,1344.1142648400917,1.0,27.22074604822807,0.0,1343.0805847988213,,0.24,0.12,0.000510198710117038,1344.1027017674514,1,4,1344.6027017674514,4,True,,0.0,,,
105,0.9435286356817869,0.0,1346.097784161149,1.0,26.234244580185457,0.0,1345.1392713647615,,0.12,0.12,0.00046670091069245245,1346.0828000004433,1,1,1346.5828000004433,4,False,,0.0,,,
106,1.3476345508836403,0.0,1348.55661280143,1.0,27.316739175982676,0.0,1347.1896747860712,,0.12,0.06,0.0006548219665774013,1348.5373093369549,1,1,1349.0373093369549,4,False,,0.0,,,
107,1.0356137539488373,0.0,1350.7403602504364,1.0,27.189789590249536,0.0,1349.6901923267665,,0.18,0.06,0.00048720305835558975,1350.7258060807153,1,4,1351.2258060807153,4,True,,0.0,,,
108,1.380851631500036,0.0,1353.3492377356986,1.0,27.193831602556028,0.0,1351.957313143705,,0.3,0.12,0.0005248826805654971,1353.338164775205,1,1,1353.838164775205,4,False,,0.0,,,
109,1.6293513730067843,0.0,1355.8748354979723,1.0,26.74577942431636,0.0,1354.2327484126074,,0.18,0.3,0.0005172636393808716,1355.8620997856142,4,1,1356.3620997856142,1,True,,0.0,,,
110,0.9139440368949181,0.0,1357.9251222786863,1.0,27.221103268314398,0.0,1356.9999606580413,,0.3,0.18,0.0005348566982092962,1357.9139046949363,1,4,1358.4139046949363,4,True,,0.0,,,
111,1.572653515370348,0.0,1360.4339653535872,1.0,26.596876577654893,0.0,1358.8419891183466,,0.18,0.3,0.0004590818695078269,1360.414642633717,4,4,1360.914642633717,1,False,,0.0,,,
112,1.756644081057857,0.0,1363.159561010235,1.0,26.171836367828398,0.0,1361.3841947282883,,0.24,0.3,0.0010213671164365223,1363.1408388093462,4,4,1363.6408388093462,1,False,,0.0,,,
113,1.7563292068605278,0.0,1365.7352410858603,1.0,26.147684736550193,0.0,1363.9680252386977,,0.3,0.24,0.00046573121471737977,1365.7243544455582,1,4,1366.2243544455582,4,True,,0.0,,,
114,1.5480549557291852,0.0,1368.2188244068645,1.0,25.660119009532547,0.0,1366.660236195821,,0.3,0.18,0.0006296098663369776,1368.2082911515502,1,4,1368.7082911515502,4,True,,0.0,,,
115,1.6799585690387175,0.0,1370.7860501172224,1.0,27.020158272389,0.0,1369.0940472291902,,0.0,0.06,0.0005290385213356785,1370.774005798229,4,4,1371.274005798229,1,False,,0.0,,,
116,1.2200923538628103,0.0,1373.0282331193907,1.0,26.900495949653088,0.0,1371.7862867230863,,0.12,0.24,0.00046586974269757775,1373.006379076949,4,1,1373.506379076949,1,True,,0.0,,,
117,1.0376826699778121,0.0,1374.8703579952003,1.0,27.310020452776065,0.0,1373.820016357389,,0.0,0.18,0.0005006402765275197,1374.8576990273668,4,1,1375.3576990273668,1,True,,0.0,,,
118,1.0183631362522192,0.0,1376.67054905305,1.0,27.019238359324248,0.0,1375.6370164055968,,0.0,0.24,0.0004971770758857019,1376.655379541849,4,1,1377.155379541849,1,True,,0.0,,,
119,1.4349699588128715,0.0,1379.1627158474396,1.0,27.36218001200854,0.0,1377.7124518407327,,0.12,0.24,0.0005125536865762115,1379.1474217995456,4,1,1379.6474217995456,1,True,,0.0,,,
120,0.9669070404927425,0.0,1381.0714303129237,1.0,26.648358247156438,0.0,1380.087903788409,,0.06,0.06,0.0004975926600536695,1381.0548108289017,1,1,1381.5548108289017,4,False,,0.0,,,
121,1.1860736115752388,0.0,1383.2385311264156,1.0,25.73700851807027,0.0,1382.0384678468147,,0.06,0.3,0.000478752848835029,1383.22454145839,4,1,1383.72454145839,1,True,,0.0,,,
122,1.048366920837907,0.0,1385.1974293077644,1.0,27.168152057817846,0.0,1384.138712265659,,0.06,0.24,0.0004977311880338675,1385.187079186497,4,1,1385.687079186497,1,True,,0.0,,,
123,1.326377564223094,0.0,1387.597729858164,1.0,26.730369253705327,0.0,1386.2641100488781,,0.12,0.0,0.000513661910645169,1387.5904876131012,1,4,1388.0904876131012,4,True,,0.0,,,
124,1.3283467400754034,0.0,1823.0012137825408,2.0,27.430071362873626,0.0,1821.6592811836279,,0.18,0.0,0.0016131588323560209,1822.9876279237033,1,4,1823.4876279237033,4,True,,0.0,,,
125,0.7500973852004336,0.0,1824.901553674899,2.0,28.13179227776485,0.0,1824.143112469794,,0.06,0.24,0.0005053502293321799,1824.8932098549944,4,1,1825.3932098549944,1,True,,0.0,,,
126,1.135841410902458,0.0,1826.9103083689213,2.0,27.288291702383894,0.0,1825.7600968920406,,0.3,0.18,0.00046434593446065264,1826.895938302943,1,4,1827.395938302943,4,True,,0.0,,,
127,1.4717380667805173,0.0,1829.4691625537696,2.0,26.72513148753936,0.0,1827.9855484795441,,0.0,0.0,0.0005444151319125012,1829.4572865463247,1,1,1829.9572865463247,4,False,,0.0,,,
128,1.0383804356317796,0.0,1831.5697715783717,2.0,26.972089165218282,0.0,1830.5193833951446,,0.06,0.06,0.0007922417657937331,1831.5577638307764,1,4,1832.0577638307764,4,True,,0.0,,,
129,0.769547966436221,0.0,1833.186593645775,2.0,28.091015958094196,0.0,1832.403045621711,,0.12,0.18,0.0004894195066071916,1833.1725935881473,4,1,1833.6725935881473,1,True,,0.0,,,
130,0.7397756621778626,0.0,1835.0869432350949,2.0,25.986621423434105,0.0,1834.336766611865,,0.12,0.0,0.0004967614918314212,1835.0765422740428,1,4,1835.5765422740428,4,True,,0.0,,,
131,1.265150671389847,0.0,1837.245706600971,2.0,25.3073801027928,0.0,1835.9621184037803,,0.18,0.06,0.000492051539026761,1837.2272690751702,1,1,1837.7272690751702,4,False,,0.0,,,
132,1.5061909558930893,0.0,1839.7378742265287,2.0,26.481281499028146,0.0,1838.2209452709026,,0.3,0.3,0.0005229432882742913,1839.7271362267957,4,1,1840.2271362267957,1,True,,0.0,,,
133,1.2008330798271345,0.0,1842.0216558088403,2.0,27.181700023918847,0.0,1840.8047694090228,,0.18,0.24,0.003766161371800081,1842.00560248885,4,1,1842.50560248885,1,True,,0.0,,,
134,1.119321251473366,0.0,1844.2804594032546,2.0,26.168977288516896,0.0,1843.1469117393633,,0.12,0.24,0.0005367960906141889,1844.2662329908367,4,1,1844.7662329908367,1,True,,0.0,,,
135,0.7200733755234978,0.0,1846.0974902046835,2.0,26.21459874584273,0.0,1845.364191281711,,0.24,0.12,0.0005275147129850666,1846.0842646572346,1,4,1846.5842646572346,4,True,,0.0,,,
136,1.391694912530511,0.0,1848.3145746995742,2.0,26.65305166682218,0.0,1846.9059613595473,,0.24,0.0,0.0004992549962707926,1848.2976562720778,1,4,1848.7976562720778,4,True,,0.0,,,
137,0.7564145401229325,0.0,1850.2399690472985,2.0,26.72232444257148,0.0,1849.4648246872453,,0.06,0.12,0.0007499907186456767,1850.2212392273682,4,1,1850.7212392273682,1,True,,0.0,,,
138,1.118427191610408,0.0,1852.2237122296417,2.0,27.107417509938113,0.0,1851.0901443406592,,0.24,0.06,0.0005079822617517493,1852.2085715322696,1,1,1852.7085715322696,4,False,,0.0,,,
139,0.9622430790016097,0.0,1853.9992389270394,2.0,27.14006234350757,0.0,1853.0238725342704,,0.0,0.18,0.0004984238281622311,1853.986115613272,4,1,1854.486115613272,1,True,,0.0,,,
140,1.4306730965836323,0.0,1856.2829337908083,2.0,25.752865823936755,0.0,1854.8325661651397,,0.3,0.12,0.0009785619571403004,1856.2632392617234,1,4,1856.7632392617234,4,True,,0.0,,,
141,1.319666989714051,0.0,1858.3999547844533,2.0,26.84671861315127,0.0,1857.0663219535334,,0.12,0.3,0.0005458004121692284,1858.3859889432474,4,1,1858.8859889432474,1,True,,0.0,,,
142,1.028907058224604,0.0,1860.3169911824143,2.0,27.61850761533533,0.0,1859.275125797298,,0.0,0.06,0.000541506043418849,1860.3040328555226,4,1,1860.8040328555226,1,True,,0.0,,,
143,0.8492407833150537,0.0,1862.1423403145916,2.0,27.41371751220304,0.0,1861.283980231497,,0.06,0.3,0.0004887268665925149,1862.133221014812,4,1,1862.633221014812,1,True,,0.0,,,
144,1.3377001522146656,0.0,1864.543001314908,2.0,26.81964202048722,0.0,1863.1925683594236,,0.06,0.06,0.00045644983697457064,1864.5302685116383,4,1,1865.0302685116383,1,True,,0.0,,,
145,0.781082225247701,0.0,1866.1517505232202,2.0,27.111828421042592,0.0,1865.3513175954417,,0.12,0.24,0.0006347354031959185,1866.1323998206894,4,1,1866.6323998206894,1,True,,0.0,,,
146,0.7771408259263808,0.0,1867.868491191557,2.0,26.883194363238974,0.0,1867.0766345337063,,0.06,0.24,0.0005419216274731298,1867.8537753596327,4,1,1868.3537753596327,1,True,,0.0,,,
147,0.923245362497255,0.0,1869.6771867618188,2.0,26.47480961427528,0.0,1868.7436810442132,,0.06,0.3,0.0017098513926612213,1869.6669264067104,4,1,1870.1669264067104,1,True,,0.0,,,
148,0.9836596499451389,0.0,1871.827585528587,2.0,27.836740457778777,0.0,1870.8274179096786,,0.12,0.12,0.00046420740636676783,1871.8110775596238,4,1,1872.3110775596238,1,True,,0.0,,,
149,1.0937017403000482,0.0,1873.8947103905437,2.0,27.35524428132452,0.0,1872.786142930998,,0.24,0.24,0.0004701641113342703,1873.879844671298,4,1,1874.379844671298,1,True,,0.0,,,
150,0.9911123190754552,0.0,1875.920110057744,2.0,26.54433684513547,0.0,1874.9199169496794,,0.06,0.18,0.0006746314738848014,1875.9110292687549,4,1,1876.4110292687549,1,True,,0.0,,,
151,1.383954520695852,0.0,1878.2373746944766,2.0,27.625338679194392,0.0,1876.836932291381,,0.0,0.12,0.000513661910645169,1878.2208868120767,4,1,1878.7208868120767,1,True,,0.0,,,
152,1.0002352205835905,0.0,1880.0959209592345,2.0,26.468909899752607,0.0,1879.0873953905632,,0.3,0.0,0.00041142822942674684,1880.0876306111468,1,4,1880.5876306111468,4,True,,0.0,,,
153,0.6659935590007535,0.0,1881.92958703688,2.0,26.513051586994443,0.0,1881.2545047927927,,0.24,0.0,0.000495237683594496,1881.9204983517934,1,4,1882.4204983517934,4,True,,0.0,,,
154,1.3267848366117505,0.0,1884.321757654643,2.0,25.653246024840584,0.0,1882.9881583475049,,0.18,0.18,0.0004878956984839533,1884.3149431841166,4,4,1884.8149431841166,1,False,,0.0,,,
155,0.8324959314320495,0.0,1886.080416071689,2.0,26.047955574980236,0.0,1885.2386092562208,,0.18,0.3,0.0004966229638512232,1886.0711051876528,4,1,1886.5711051876528,1,True,,0.0,,,
156,1.2717416962148036,0.0,1888.2976656919834,2.0,26.276641320490253,0.0,1887.005598194481,,0.24,0.3,0.0004960688518167444,1888.2773398906959,4,1,1888.7773398906959,1,True,,0.0,,,
157,0.8781331575692093,0.0,1890.456288590444,2.0,22.32596892691843,0.0,1889.3894092001447,,0.0,0.24,0.0004930212352292074,1890.2675423577139,4,1,1890.7675423577139,1,True,,0.0,,,
158,1.1045076187642735,0.0,1892.240002848136,2.0,26.7051158358278,0.0,1891.123099049199,,0.12,0.0,0.0005140774946994497,1892.2276066679633,1,4,1892.7276066679633,4,True,,0.0,,,
159,0.9206436676902285,0.0,1894.2487123820226,2.0,25.851787719244584,0.0,1893.3152401881987,,0.0,0.12,0.00046212948598167713,1894.235883855889,4,1,1894.735883855889,1,True,,0.0,,,
160,1.2732200672801355,0.0,1896.440839945276,2.0,26.960852754288364,0.0,1895.1572464840203,,0.3,0.24,0.000496900019925306,1896.4304665513005,1,4,1896.9304665513005,4,True,,0.0,,,
161,0.9954483847354823,0.0,1898.4912694098539,2.0,26.599283849103653,0.0,1897.4827355295013,,0.3,0.3,0.0005229432883879781,1898.4781839142368,1,4,1898.9781839142368,4,True,,0.0,,,
162,1.0358232083201528,0.0,1900.6752407201463,2.0,26.637692939605113,0.0,1899.6164726997283,,0.0,0.3,0.0004700255833540723,1900.6522959080485,4,1,1901.1522959080485,1,True,,0.0,,,
163,0.7311898338164156,0.0,1902.492021339965,2.0,26.539646336174098,0.0,1901.7502572465394,,0.3,0.0,0.0013449685790192234,1902.4814470803558,1,4,1902.9814470803558,4,True,,0.0,,,
164,0.6748855342943898,0.0,1904.242394672988,2.0,26.520977380772713,0.0,1903.558923171804,,0.3,0.18,0.000541367515438651,1904.2338087060984,1,1,1904.7338087060984,4,False,,0.0,,,
165,0.6792602492730566,0.0,1905.9594392718082,2.0,26.68938269145294,0.0,1905.2676134225896,,0.3,0.06,0.0004698870553738743,1905.9468736718627,1,4,1906.4468736718627,4,True,,0.0,,,
166,0.8498914494407472,0.0,1907.8014101044557,2.0,26.659963185429138,0.0,1906.9429513894083,,0.06,0.18,0.000457281005196819,1907.792842838849,4,1,1908.292842838849,1,True,,0.0,,,
167,0.8709044882527905,0.0,1909.7268216296548,2.0,26.233637718983726,0.0,1908.8433309007812,,0.0,0.3,0.0006708912172825876,1909.714235389034,4,1,1910.214235389034,1,True,,0.0,,,
168,0.6304735885241826,0.0,1911.5355357626715,2.0,26.979571225799823,0.0,1910.8937199151765,,0.0,0.24,0.0005198956716867542,1911.5241935037006,4,1,1912.0241935037006,1,True,,0.0,,,
169,0.8053661877474951,0.0,1913.335879201347,2.0,25.634621419028555,0.0,1912.5107292724674,,0.18,0.3,0.0005383198989648008,1913.316095460215,4,1,1913.816095460215,1,True,,0.0,,,
170,0.9958352935047969,0.0,1915.236458747186,2.0,25.9124515005063,0.0,1914.2277370228333,,0.18,0.12,0.000510337238097236,1915.223572316338,1,1,1915.723572316338,4,False,,0.0,,,
171,0.9845250345072145,0.0,1917.453414965127,2.0,27.210275991730622,0.0,1916.4532110518765,,0.12,0.3,0.0005153242469759789,1917.4377360863837,4,1,1917.9377360863837,1,True,,0.0,,,
172,1.2605163548955716,0.0,1919.8704882115424,2.0,26.568384210338966,0.0,1918.60361785327,,0.12,0.06,0.0005059043414803455,1919.8641342081655,1,4,1920.3641342081655,4,True,,0.0,,,
173,1.137047020289856,0.0,1921.9292601107447,2.0,27.224562144551555,0.0,1920.7790184347552,,0.24,0.18,0.0005489865567369634,1921.916065455045,1,4,1922.416065455045,4,True,,0.0,,,
174,1.0466416928345552,0.0,1924.1880603804866,2.0,26.08900185401339,0.0,1923.1295353382218,,0.18,0.06,0.0005331943621058599,1924.1761770310563,1,4,1924.6761770310563,4,True,,0.0,,,
175,1.4083628813607447,0.0,1926.7637684387726,2.0,26.795883318167803,0.0,1925.3382640997977,,0.12,0.12,0.0004668394389000241,1926.7466269811584,1,4,1927.2466269811584,4,True,,0.0,,,
176,1.2069152912220034,0.0,1929.030770675723,2.0,26.26713380662089,0.0,1927.8054235383493,,0.18,0.18,0.0004963459077771404,1929.0123388295713,1,1,1929.5123388295713,4,False,,0.0,,,
177,1.982788031622249,0.0,1931.8978815740552,2.0,26.89548075573501,0.0,1929.9058677146033,,0.0,0.0,0.0005395666511276431,1931.8886557462256,4,1,1932.3886557462256,1,True,,0.0,,,
178,1.533192699683923,0.0,1934.3650626229783,2.0,27.300157887294027,0.0,1932.8147727946478,,0.18,0.0,0.00046905588715162594,1934.3479654943317,1,4,1934.8479654943317,4,True,,0.0,,,
179,0.7781317168773967,0.0,1935.9572585636638,2.0,27.605943636208938,0.0,1935.1652248669993,,0.0,0.18,0.00047584376034137676,1935.9433565838767,4,1,1936.4433565838767,1,True,,0.0,,,
180,0.7446873117751238,0.0,1937.8657854622043,2.0,26.224131448406748,0.0,1937.107278040704,,0.3,0.12,0.000500086164493041,1937.851965352479,1,4,1938.351965352479,4,True,,0.0,,,
181,0.9407744215207003,0.0,1939.5910807900973,2.0,27.243771878864433,0.0,1938.6409320387058,,0.3,0.06,0.0005409519313843703,1939.5817064602265,1,4,1940.0817064602265,4,True,,0.0,,,
182,0.7376992656352286,0.0,1941.5831755499146,2.0,27.075711462701065,0.0,1940.832993108508,,0.24,0.06,0.0005246056246051012,1941.5706923741432,1,4,1942.0706923741432,4,True,,0.0,,,
183,1.4348303225651762,0.0,1943.9586449521219,2.0,26.31180119138546,0.0,1942.5167965228359,,0.24,0.12,0.0005491250847171614,1943.951626845401,1,1,1944.451626845401,4,False,,0.0,,,
184,1.641844245739776,0.0,1946.8095929547972,2.0,26.506977390079612,0.0,1945.150527874886,,0.06,0.0,0.000513523382664971,1946.7923721206257,1,4,1947.2923721206257,4,True,,0.0,,,
185,1.1829118479695353,0.0,1949.0513459659808,2.0,26.595704432018763,0.0,1947.8511081410702,,0.24,0.24,0.0009599992021094295,1949.0340199890397,1,4,1949.5340199890397,4,True,,0.0,,,
186,0.8476622564880927,0.0,2314.365813167809,3.0,26.433341043368365,0.0,2313.507307907346,,0.0,0.3,0.0009836874939992413,2314.354970163834,4,1,2314.854970163834,1,True,,0.0,,,
187,0.7408736352913365,0.0,2316.2995477337095,3.0,26.70562204240703,0.0,2315.5410436368816,,0.12,0.0,0.0005142160227933346,2316.281917272173,1,4,2316.781917272173,4,True,,0.0,,,
188,0.5655554779800696,0.0,2317.883192339511,3.0,27.047036513715035,0.0,2317.308082722286,,0.18,0.3,0.0005243285684173316,2317.873638200266,4,1,2318.373638200266,1,True,,0.0,,,
189,1.0110920773608996,0.0,2320.00027262315,3.0,26.656214054519147,0.0,2318.975111501206,,0.0,0.12,0.0004622680139618751,2319.986203578567,4,4,2320.486203578567,1,False,,0.0,,,
190,0.6275653312013674,0.0,2321.717340494678,3.0,25.470943301303606,0.0,2321.0755052532595,,0.0,0.3,0.0005007788045077177,2321.703070584461,4,1,2322.203070584461,1,True,,0.0,,,
191,1.6434740279346443,0.0,2324.3846873339394,3.0,27.57686353212077,0.0,2322.725838911857,,0.06,0.18,0.00045963598154230567,2324.3693129397916,4,1,2324.8693129397916,1,True,,0.0,,,
192,0.6256129172397777,0.0,2326.059809751154,3.0,26.540335557393185,0.0,2325.4180346308976,,0.06,0.3,0.0005065969814950222,2326.0436475481374,4,1,2326.5436475481374,1,True,,0.0,,,
193,0.608734662869665,0.0,2327.835160517962,3.0,27.16032621419455,0.0,2327.210083011533,,0.18,0.0,0.0005171251111733,2327.8188176744025,1,4,2328.3188176744025,4,True,,0.0,,,
194,0.885001238440509,0.0,2329.660503000794,3.0,26.434962417376042,0.0,2328.7686853524347,,0.24,0.06,0.0004806922411262349,2329.653686590875,1,1,2330.153686590875,4,False,,0.0,,,
195,0.8655797480892033,0.0,2331.7359658644787,3.0,26.440739674693177,0.0,2330.8608344706486,,0.3,0.06,0.0005215580079038773,2331.726414218738,1,4,2332.226414218738,4,True,,0.0,,,
196,1.2702356195445645,0.0,2334.153092305655,3.0,27.25945313517273,0.0,2332.8695356928533,,0.18,0.24,0.0007118955122678017,2334.139771312398,4,1,2334.639771312398,1,True,,0.0,,,
197,1.1806960922353937,0.0,2336.362065984776,3.0,27.52620651563628,0.0,2335.1699777634817,,0.06,0.18,0.00047445848008464964,2336.350673855717,4,1,2336.850673855717,1,True,,0.0,,,
198,1.2944206730358019,0.0,2338.720686223499,3.0,26.248718245471373,0.0,2337.412102306824,,0.12,0.24,0.0007775577953452739,2338.70652297986,4,1,2339.20652297986,1,True,,0.0,,,
199,0.8538074981343016,0.0,2340.521050164322,3.0,27.636942058709046,0.0,2339.654187231152,,0.3,0.12,0.0005161554151982273,2340.507994729286,1,4,2341.007994729286,4,True,,0.0,,,
200,1.213658419816511,0.0,2342.8631816894767,3.0,25.957031821499843,0.0,2341.6379583961557,,0.24,0.24,0.00049565326753509,2342.851616815972,1,1,2343.351616815972,4,False,,0.0,,,
201,1.5884403074437614,0.0,2345.322125030961,3.0,26.464413782898518,0.0,2343.71335892223,,0.06,0.0,0.0005135233825512842,2345.3017992296736,1,1,2345.8017992296736,4,False,,0.0,,,
202,1.1172362661932311,0.0,2347.6309641162547,3.0,26.372097561758572,0.0,2346.49723941355,,0.0,0.18,0.000508674901766426,2347.614475679743,4,1,2348.114475679743,1,True,,0.0,,,
203,1.4391251068745987,0.0,2349.931251035497,3.0,24.45396917584127,0.0,2348.480964310194,,0.3,0.18,0.000541228987458453,2349.9200894170685,1,4,2350.4200894170685,4,True,,0.0,,,
204,0.9878527546852638,0.0,2352.015003139045,3.0,27.363858806533738,0.0,2351.014802827523,,0.0,0.12,0.000470718223368749,2352.0026555822083,4,1,2352.5026555822083,1,True,,0.0,,,
205,1.2341925672512843,0.0,2354.132091180253,3.0,26.094112729435547,0.0,2352.8818450159556,,0.12,0.06,0.000541228987458453,2354.116037583207,1,1,2354.616037583207,4,False,,0.0,,,
206,0.8524812308378387,0.0,2355.840768132349,3.0,27.517382394384224,0.0,2354.973925978382,,0.06,0.3,0.0009519645766431495,2355.8264072092197,4,1,2356.3264072092197,1,True,,0.0,,,
207,1.292048934747072,0.0,2358.0163850946064,3.0,26.662991152665523,0.0,2356.7076875849525,,0.0,0.0,0.00048651041811353934,2357.9997365196996,1,4,2358.4997365196996,4,True,,0.0,,,
208,0.6081298495200826,0.0,2359.6998457906043,3.0,26.041378847890943,0.0,2359.074743903243,,0.06,0.24,0.0004603286217843561,2359.682873752763,4,1,2360.182873752763,1,True,,0.0,,,
209,0.7596451521562813,0.0,2361.675244044819,3.0,26.76318917112277,0.0,2360.900107719391,,0.12,0.3,0.000541228987458453,2361.6597528715474,4,1,2362.1597528715474,1,True,,0.0,,,
210,0.9282557825754338,0.0,2363.475662842739,3.0,26.95984629147056,0.0,2362.533767868037,,0.18,0.06,0.0004984238282759179,2363.4620236506125,1,4,2363.9620236506125,4,True,,0.0,,,
211,0.8791783515052884,0.0,2365.5593304441927,3.0,26.29500220831501,0.0,2364.659193910973,,0.0,0.06,0.00046739355093450285,2365.5383722624783,4,1,2366.0383722624783,1,True,,0.0,,,
212,0.5936180693734059,0.0,2367.059688123549,3.0,25.948826709611513,0.0,2366.4512564214665,,0.06,0.24,0.0005097831260627572,2367.04487449084,4,1,2367.54487449084,1,True,,0.0,,,
213,0.7458019082509963,0.0,2368.9266890306308,3.0,26.31741262300227,0.0,2368.1682824575314,,0.3,0.0,0.0005053502293321799,2368.9140843657824,1,4,2369.4140843657824,4,True,,0.0,,,
214,0.6418891288194573,0.0,2370.585326336006,3.0,26.833318533504155,0.0,2369.935220971591,,0.06,0.06,0.0004705796955022379,2370.5771101004107,4,1,2371.0771101004107,1,True,,0.0,,,
215,0.7245536488558173,0.0,2372.1524669901573,3.0,25.290791702434337,0.0,2371.4189040327724,,0.3,0.0,0.0005147701349415001,2372.143457681628,1,4,2372.643457681628,4,True,,0.0,,,
216,1.3857103633918086,0.0,2374.327786948333,3.0,26.828322352121237,0.0,2372.927524908724,,0.3,0.06,0.0007235318660150369,2374.313235272116,1,4,2374.813235272116,4,True,,0.0,,,
217,0.6469066138265589,0.0,2376.0114582069264,3.0,27.475365266176038,0.0,2375.35298990574,,0.0,0.24,0.0005024411409522145,2375.9998965195664,4,1,2376.4998965195664,1,True,,0.0,,,
218,0.9291600935116548,0.0,2378.0785362464117,3.0,26.797263158442703,0.0,2377.136679228388,,0.12,0.3,0.0004959303237228596,2378.0658393218996,4,1,2378.5658393218996,1,True,,0.0,,,
219,0.8646146233509171,0.0,2379.9122283673255,3.0,27.925373637810676,0.0,2379.028732928499,,0.24,0.3,0.0007599647362894757,2379.8933475518497,4,1,2380.3933475518497,1,True,,0.0,,,
220,1.0852525005698226,0.0,2382.171014507209,3.0,26.986676303455518,0.0,2381.0624758614917,,0.12,0.18,0.0004772290405981039,2382.1477283620616,4,1,2382.6477283620616,1,True,,0.0,,,
221,0.7743784386120751,0.0,2384.121362184842,3.0,27.473676671611837,0.0,2383.337892290583,,0.18,0.06,0.0005390125390931644,2384.112270729195,1,1,2384.612270729195,4,False,,0.0,,,
222,0.9451283572957436,0.0,2386.280407039662,3.0,25.833906167113156,0.0,2385.32164433872,,0.3,0.18,0.0005162939432921121,2386.266772696016,1,1,2386.766772696016,4,False,,0.0,,,
223,1.160451329841635,0.0,2388.438933522618,3.0,27.22774851516459,0.0,2387.263848230914,,0.12,0.12,0.0004944065155996213,2388.4242995607556,1,4,2388.9242995607556,4,True,,0.0,,,
224,1.7546864030309735,0.0,2391.297815579305,3.0,27.776509705672858,0.0,2389.530846034968,,0.24,0.12,0.0005093675420084764,2391.285532437999,1,4,2391.785532437999,4,True,,0.0,,,
225,1.0721309876662417,0.0,2393.464930799711,3.0,27.123191319084032,0.0,2392.3647686665126,,0.0,0.0,0.0004984238282759179,2393.436899654179,4,4,2393.936899654179,1,False,,0.0,,,
226,1.0446097637873208,0.0,2395.723885943783,3.0,26.493053644950653,0.0,2394.6651830315363,,0.24,0.24,0.0009551507212108845,2395.7097927953237,4,1,2396.2097927953237,1,True,,0.0,,,
227,1.3924638815883554,0.0,2398.1241496457283,3.0,27.089068132501485,0.0,2396.7238934242964,,0.06,0.06,0.0005176792233214655,2398.116357305885,1,1,2398.616357305885,4,False,,0.0,,,
228,1.0304643902636599,0.0,2400.132906279143,3.0,26.45833481687184,0.0,2399.091055023885,,0.24,0.12,0.00048415544165436586,2400.1215194141487,1,4,2400.6215194141487,4,True,,0.0,,,
229,1.5510130831407878,0.0,2402.8334411081355,3.0,26.556658098467125,0.0,2401.274781970744,,0.3,0.24,0.0005207268400226894,2402.8257950538846,1,4,2403.3257950538846,4,True,,0.0,,,
230,1.1280070970674387,0.0,2405.192291303377,3.0,27.089011603700595,0.0,2404.0503607546784,,0.24,0.06,0.0009045879926361522,2405.178367851746,1,4,2405.678367851746,4,True,,0.0,,,
231,1.285504870922523,0.0,2407.7179425374675,3.0,26.721966449528228,0.0,2406.417508501465,,0.06,0.12,0.0005122766303884418,2407.7030133723874,4,1,2408.2030133723874,1,True,,0.0,,,
232,0.8294006612773046,0.0,2409.6014845217096,3.0,26.711770134286656,0.0,2408.7598159572094,,0.12,0.0,0.0005509259490281693,2409.5892166184867,1,4,2410.0892166184867,4,True,,0.0,,,
233,0.8765042065419948,0.0,2411.518514270326,3.0,26.77804196078399,0.0,2410.6267082583204,,0.24,0.0,0.00045603425314766355,2411.5032124648624,1,4,2412.0032124648624,4,True,,0.0,,,
234,1.4830786634156539,0.0,2413.8273040396434,3.0,26.937426722075564,0.0,2412.3353611065395,,0.18,0.12,0.0008678780666286912,2413.818439769955,1,1,2414.318439769955,4,False,,0.0,,,
235,2.0769766979242377,0.0,2416.7028729049716,3.0,26.602771108172586,0.0,2414.6193787406028,,0.24,0.0,0.0004831857454519195,2416.696355438527,1,4,2417.196355438527,4,True,,0.0,,,
236,1.2855083341228237,0.0,2419.2285839831684,3.0,26.70311754228804,0.0,2417.928187626788,,0.12,0.12,0.000509921654156642,2419.2136959609106,4,4,2419.7136959609106,1,False,,0.0,,,
237,2.2596002690766,0.0,2422.712430507417,3.0,24.82189881821779,0.0,2420.43697806104,,0.24,0.18,0.0005079822617517493,2422.6965783301166,1,4,2423.1965783301166,4,True,,0.0,,,
238,1.278175907316836,0.0,2425.0379045918717,3.0,26.431419621248565,0.0,2423.7376118544526,,0.18,0.18,0.0005264064889161091,2425.0157877617694,4,1,2425.5157877617694,1,True,,0.0,,,
239,1.0024501451493961,0.0,2427.1216395179445,3.0,26.253706176675017,0.0,2426.104771791705,,0.0,0.18,0.0004822160494768468,2427.1072219368543,4,1,2427.6072219368543,1,True,,0.0,,,
240,1.4204470964250504,0.0,2429.388943191874,3.0,26.56616036503896,0.0,2427.946787230376,,0.3,0.12,0.00046503857447532937,2429.367234326801,1,1,2429.867234326801,4,False,,0.0,,,
241,1.275050022468804,0.0,2431.480844344926,3.0,26.49718202621422,0.0,2430.188997938149,,0.3,0.3,0.0004797225449237885,2431.464047960618,4,1,2431.964047960618,1,True,,0.0,,,
242,1.0401332307114899,0.0,2433.489579367969,3.0,26.804215355676828,0.0,2432.439347444352,,0.18,0.18,0.0004981467720881483,2433.4794806750633,1,4,2433.9794806750633,4,True,,0.0,,,
243,1.3985762920924572,0.0,2435.9650499338113,3.0,27.184882685481572,0.0,2434.5564324379434,,0.18,0.3,0.0005160168871043425,2435.955008730036,4,1,2436.455008730036,1,True,,0.0,,,
244,1.12333717887077,0.0,2437.9656456043117,3.0,27.031503373414793,0.0,2436.8319070488046,,0.12,0.24,0.0005138004387390538,2437.9552442276754,4,1,2438.4552442276754,1,True,,0.0,,,
245,1.5692117866287845,0.0,2440.47430803867,3.0,27.68105455732119,0.0,2438.890652627683,,0.3,0.3,0.000496900019925306,2440.4598644143116,1,4,2440.9598644143116,4,True,,0.0,,,
246,0.8615048077531355,0.0,2442.3080009907526,3.0,26.017228297512002,0.0,2441.433025856533,,0.0,0.24,0.0005135233825512842,2442.294530664286,4,1,2442.794530664286,1,True,,0.0,,,
247,1.4035308853767674,0.0,2444.6334487548825,3.0,26.74217254380602,0.0,2443.2165143135467,,0.18,0.0,0.0004908047867502319,2444.6200451989234,1,4,2445.1200451989234,4,True,,0.0,,,
